data,vn_objetivo_ano,vn_objetivo_acumulado,vn_diario_ano,qn_objetivo_ano,qn_objetivo_acumulado,qn_diario_ano,rt_objetivo_ano,rt_objetivo_acumulado,rt_diario_ano
2025-01-01 00:00:00,50000.0,136.986301369863,136.986301369863,150.0,0.410958904109589,0.410958904109589,32000.0,87.67123287671232,87.67123287671232
2025-01-02 00:00:00,50000.0,273.972602739726,136.986301369863,150.0,0.821917808219178,0.410958904109589,32000.0,175.34246575342465,87.67123287671232
2025-01-03 00:00:00,50000.0,410.95890410958907,136.986301369863,150.0,1.2328767123287672,0.410958904109589,32000.0,263.01369863013696,87.67123287671232
2025-01-04 00:00:00,50000.0,547.945205479452,136.986301369863,150.0,1.643835616438356,0.410958904109589,32000.0,350.6849315068493,87.67123287671232
2025-01-05 00:00:00,50000.0,684.931506849315,136.986301369863,150.0,2.054794520547945,0.410958904109589,32000.0,438.35616438356163,87.67123287671232
2025-01-06 00:00:00,50000.0,821.917808219178,136.986301369863,150.0,2.465753424657534,0.410958904109589,32000.0,526.0273972602739,87.67123287671232
2025-01-07 00:00:00,50000.0,958.904109589041,136.986301369863,150.0,2.876712328767123,0.410958904109589,32000.0,613.6986301369863,87.67123287671232
2025-01-08 00:00:00,50000.0,1095.890410958904,136.986301369863,150.0,3.2876712328767117,0.410958904109589,32000.0,701.3698630136986,87.67123287671232
2025-01-09 00:00:00,50000.0,1232.876712328767,136.986301369863,150.0,3.6986301369863006,0.410958904109589,32000.0,789.0410958904109,87.67123287671232
2025-01-10 00:00:00,50000.0,1369.86301369863,136.986301369863,150.0,4.10958904109589,0.410958904109589,32000.0,876.7123287671233,87.67123287671232
2025-01-11 00:00:00,50000.0,1506.849315068493,136.986301369863,150.0,4.520547945205479,0.410958904109589,32000.0,964.3835616438356,87.67123287671232
2025-01-12 00:00:00,50000.0,1643.835616438356,136.986301369863,150.0,4.931506849315068,0.410958904109589,32000.0,1052.0547945205478,87.67123287671232
2025-01-13 00:00:00,50000.0,1780.821917808219,136.986301369863,150.0,5.342465753424657,0.410958904109589,32000.0,1139.7260273972602,87.67123287671232
2025-01-14 00:00:00,50000.0,1917.808219178082,136.986301369863,150.0,5.753424657534246,0.410958904109589,32000.0,1227.3972602739725,87.67123287671232
2025-01-15 00:00:00,50000.0,2054.794520547945,136.986301369863,150.0,6.1643835616438345,0.410958904109589,32000.0,1315.0684931506848,87.67123287671232
2025-01-16 00:00:00,50000.0,2191.780821917808,136.986301369863,150.0,6.575342465753423,0.410958904109589,32000.0,1402.7397260273972,87.67123287671232
2025-01-17 00:00:00,50000.0,2328.7671232876714,136.986301369863,150.0,6.986301369863012,0.410958904109589,32000.0,1490.4109589041095,87.67123287671232
2025-01-18 00:00:00,50000.0,2465.7534246575347,136.986301369863,150.0,7.397260273972601,0.410958904109589,32000.0,1578.0821917808219,87.67123287671232
2025-01-19 00:00:00,50000.0,2602.739726027398,136.986301369863,150.0,7.80821917808219,0.410958904109589,32000.0,1665.7534246575342,87.67123287671232
2025-01-20 00:00:00,50000.0,2739.726027397261,136.986301369863,150.0,8.21917808219178,0.410958904109589,32000.0,1753.4246575342465,87.67123287671232
2025-01-21 00:00:00,50000.0,2876.7123287671243,136.986301369863,150.0,8.63013698630137,0.410958904109589,32000.0,1841.0958904109589,87.67123287671232
2025-01-22 00:00:00,50000.0,3013.6986301369875,136.986301369863,150.0,9.04109589041096,0.410958904109589,32000.0,1928.7671232876712,87.67123287671232
2025-01-23 00:00:00,50000.0,3150.6849315068507,136.986301369863,150.0,9.45205479452055,0.410958904109589,32000.0,2016.4383561643835,87.67123287671232
2025-01-24 00:00:00,50000.0,3287.671232876714,136.986301369863,150.0,9.863013698630139,0.410958904109589,32000.0,2104.1095890410957,87.67123287671232
2025-01-25 00:00:00,50000.0,3424.657534246577,136.986301369863,150.0,10.273972602739729,0.410958904109589,32000.0,2191.7808219178078,87.67123287671232
2025-01-26 00:00:00,50000.0,3561.6438356164404,136.986301369863,150.0,10.684931506849319,0.410958904109589,32000.0,2279.45205479452,87.67123287671232
2025-01-27 00:00:00,50000.0,3698.6301369863036,136.986301369863,150.0,11.095890410958908,0.410958904109589,32000.0,2367.123287671232,87.67123287671232
2025-01-28 00:00:00,50000.0,3835.616438356167,136.986301369863,150.0,11.506849315068498,0.410958904109589,32000.0,2454.794520547944,87.67123287671232
2025-01-29 00:00:00,50000.0,3972.60273972603,136.986301369863,150.0,11.917808219178088,0.410958904109589,32000.0,2542.465753424656,87.67123287671232
2025-01-30 00:00:00,50000.0,4109.589041095893,136.986301369863,150.0,12.328767123287678,0.410958904109589,32000.0,2630.1369863013683,87.67123287671232
2025-01-31 00:00:00,50000.0,4246.575342465756,136.986301369863,150.0,12.739726027397268,0.410958904109589,32000.0,2717.8082191780804,87.67123287671232
2025-02-01 00:00:00,50000.0,4383.561643835619,136.986301369863,150.0,13.150684931506857,0.410958904109589,32000.0,2805.4794520547925,87.67123287671232
2025-02-02 00:00:00,50000.0,4520.547945205482,136.986301369863,150.0,13.561643835616447,0.410958904109589,32000.0,2893.1506849315047,87.67123287671232
2025-02-03 00:00:00,50000.0,4657.534246575346,136.986301369863,150.0,13.972602739726037,0.410958904109589,32000.0,2980.8219178082168,87.67123287671232
2025-02-04 00:00:00,50000.0,4794.520547945209,136.986301369863,150.0,14.383561643835627,0.410958904109589,32000.0,3068.493150684929,87.67123287671232
2025-02-05 00:00:00,50000.0,4931.506849315072,136.986301369863,150.0,14.794520547945217,0.410958904109589,32000.0,3156.164383561641,87.67123287671232
2025-02-06 00:00:00,50000.0,5068.493150684935,136.986301369863,150.0,15.205479452054806,0.410958904109589,32000.0,3243.835616438353,87.67123287671232
2025-02-07 00:00:00,50000.0,5205.4794520547985,136.986301369863,150.0,15.616438356164396,0.410958904109589,32000.0,3331.506849315065,87.67123287671232
2025-02-08 00:00:00,50000.0,5342.465753424662,136.986301369863,150.0,16.027397260273986,0.410958904109589,32000.0,3419.1780821917773,87.67123287671232
2025-02-09 00:00:00,50000.0,5479.452054794525,136.986301369863,150.0,16.438356164383574,0.410958904109589,32000.0,3506.8493150684894,87.67123287671232
2025-02-10 00:00:00,50000.0,5616.438356164388,136.986301369863,150.0,16.849315068493162,0.410958904109589,32000.0,3594.5205479452015,87.67123287671232
2025-02-11 00:00:00,50000.0,5753.424657534251,136.986301369863,150.0,17.26027397260275,0.410958904109589,32000.0,3682.1917808219137,87.67123287671232
2025-02-12 00:00:00,50000.0,5890.4109589041145,136.986301369863,150.0,17.671232876712338,0.410958904109589,32000.0,3769.8630136986258,87.67123287671232
2025-02-13 00:00:00,50000.0,6027.397260273978,136.986301369863,150.0,18.082191780821926,0.410958904109589,32000.0,3857.534246575338,87.67123287671232
2025-02-14 00:00:00,50000.0,6164.383561643841,136.986301369863,150.0,18.493150684931514,0.410958904109589,32000.0,3945.20547945205,87.67123287671232
2025-02-15 00:00:00,50000.0,6301.369863013704,136.986301369863,150.0,18.904109589041102,0.410958904109589,32000.0,4032.876712328762,87.67123287671232
2025-02-16 00:00:00,50000.0,6438.356164383567,136.986301369863,150.0,19.31506849315069,0.410958904109589,32000.0,4120.547945205474,87.67123287671232
2025-02-17 00:00:00,50000.0,6575.342465753431,136.986301369863,150.0,19.726027397260278,0.410958904109589,32000.0,4208.219178082187,87.67123287671232
2025-02-18 00:00:00,50000.0,6712.328767123294,136.986301369863,150.0,20.136986301369866,0.410958904109589,32000.0,4295.890410958899,87.67123287671232
2025-02-19 00:00:00,50000.0,6849.315068493157,136.986301369863,150.0,20.547945205479454,0.410958904109589,32000.0,4383.561643835612,87.67123287671232
2025-02-20 00:00:00,50000.0,6986.30136986302,136.986301369863,150.0,20.958904109589042,0.410958904109589,32000.0,4471.2328767123245,87.67123287671232
2025-02-21 00:00:00,50000.0,7123.287671232883,136.986301369863,150.0,21.36986301369863,0.410958904109589,32000.0,4558.904109589037,87.67123287671232
2025-02-22 00:00:00,50000.0,7260.273972602747,136.986301369863,150.0,21.78082191780822,0.410958904109589,32000.0,4646.57534246575,87.67123287671232
2025-02-23 00:00:00,50000.0,7397.26027397261,136.986301369863,150.0,22.191780821917806,0.410958904109589,32000.0,4734.246575342462,87.67123287671232
2025-02-24 00:00:00,50000.0,7534.246575342473,136.986301369863,150.0,22.602739726027394,0.410958904109589,32000.0,4821.917808219175,87.67123287671232
2025-02-25 00:00:00,50000.0,7671.232876712336,136.986301369863,150.0,23.013698630136982,0.410958904109589,32000.0,4909.589041095887,87.67123287671232
2025-02-26 00:00:00,50000.0,7808.2191780821995,136.986301369863,150.0,23.42465753424657,0.410958904109589,32000.0,4997.2602739726,87.67123287671232
2025-02-27 00:00:00,50000.0,7945.205479452063,136.986301369863,150.0,23.83561643835616,0.410958904109589,32000.0,5084.931506849312,87.67123287671232
2025-02-28 00:00:00,50000.0,8082.191780821926,136.986301369863,150.0,24.246575342465746,0.410958904109589,32000.0,5172.602739726025,87.67123287671232
2025-03-01 00:00:00,50000.0,8219.17808219179,136.986301369863,150.0,24.657534246575334,0.410958904109589,32000.0,5260.273972602738,87.67123287671232
2025-03-02 00:00:00,50000.0,8356.164383561652,136.986301369863,150.0,25.068493150684922,0.410958904109589,32000.0,5347.94520547945,87.67123287671232
2025-03-03 00:00:00,50000.0,8493.150684931516,136.986301369863,150.0,25.47945205479451,0.410958904109589,32000.0,5435.616438356163,87.67123287671232
2025-03-04 00:00:00,50000.0,8630.136986301379,136.986301369863,150.0,25.8904109589041,0.410958904109589,32000.0,5523.287671232875,87.67123287671232
2025-03-05 00:00:00,50000.0,8767.123287671242,136.986301369863,150.0,26.301369863013687,0.410958904109589,32000.0,5610.958904109588,87.67123287671232
2025-03-06 00:00:00,50000.0,8904.109589041105,136.986301369863,150.0,26.712328767123275,0.410958904109589,32000.0,5698.6301369863,87.67123287671232
2025-03-07 00:00:00,50000.0,9041.095890410968,136.986301369863,150.0,27.123287671232863,0.410958904109589,32000.0,5786.301369863013,87.67123287671232
2025-03-08 00:00:00,50000.0,9178.082191780832,136.986301369863,150.0,27.53424657534245,0.410958904109589,32000.0,5873.9726027397255,87.67123287671232
2025-03-09 00:00:00,50000.0,9315.068493150695,136.986301369863,150.0,27.94520547945204,0.410958904109589,32000.0,5961.643835616438,87.67123287671232
2025-03-10 00:00:00,50000.0,9452.054794520558,136.986301369863,150.0,28.356164383561627,0.410958904109589,32000.0,6049.315068493151,87.67123287671232
2025-03-11 00:00:00,50000.0,9589.041095890421,136.986301369863,150.0,28.767123287671215,0.410958904109589,32000.0,6136.986301369863,87.67123287671232
2025-03-12 00:00:00,50000.0,9726.027397260284,136.986301369863,150.0,29.178082191780803,0.410958904109589,32000.0,6224.657534246576,87.67123287671232
2025-03-13 00:00:00,50000.0,9863.013698630148,136.986301369863,150.0,29.58904109589039,0.410958904109589,32000.0,6312.328767123288,87.67123287671232
2025-03-14 00:00:00,50000.0,10000.000000000011,136.986301369863,150.0,29.99999999999998,0.410958904109589,32000.0,6400.000000000001,87.67123287671232
2025-03-15 00:00:00,50000.0,10136.986301369874,136.986301369863,150.0,30.410958904109567,0.410958904109589,32000.0,6487.6712328767135,87.67123287671232
2025-03-16 00:00:00,50000.0,10273.972602739737,136.986301369863,150.0,30.821917808219155,0.410958904109589,32000.0,6575.342465753426,87.67123287671232
2025-03-17 00:00:00,50000.0,10410.9589041096,136.986301369863,150.0,31.232876712328743,0.410958904109589,32000.0,6663.013698630139,87.67123287671232
2025-03-18 00:00:00,50000.0,10547.945205479464,136.986301369863,150.0,31.64383561643833,0.410958904109589,32000.0,6750.684931506851,87.67123287671232
2025-03-19 00:00:00,50000.0,10684.931506849327,136.986301369863,150.0,32.05479452054792,0.410958904109589,32000.0,6838.356164383564,87.67123287671232
2025-03-20 00:00:00,50000.0,10821.91780821919,136.986301369863,150.0,32.465753424657514,0.410958904109589,32000.0,6926.027397260276,87.67123287671232
2025-03-21 00:00:00,50000.0,10958.904109589053,136.986301369863,150.0,32.876712328767105,0.410958904109589,32000.0,7013.698630136989,87.67123287671232
2025-03-22 00:00:00,50000.0,11095.890410958917,136.986301369863,150.0,33.2876712328767,0.410958904109589,32000.0,7101.369863013701,87.67123287671232
2025-03-23 00:00:00,50000.0,11232.87671232878,136.986301369863,150.0,33.69863013698629,0.410958904109589,32000.0,7189.041095890414,87.67123287671232
2025-03-24 00:00:00,50000.0,11369.863013698643,136.986301369863,150.0,34.10958904109588,0.410958904109589,32000.0,7276.712328767127,87.67123287671232
2025-03-25 00:00:00,50000.0,11506.849315068506,136.986301369863,150.0,34.52054794520547,0.410958904109589,32000.0,7364.383561643839,87.67123287671232
2025-03-26 00:00:00,50000.0,11643.83561643837,136.986301369863,150.0,34.93150684931506,0.410958904109589,32000.0,7452.054794520552,87.67123287671232
2025-03-27 00:00:00,50000.0,11780.821917808233,136.986301369863,150.0,35.342465753424655,0.410958904109589,32000.0,7539.726027397264,87.67123287671232
2025-03-28 00:00:00,50000.0,11917.808219178096,136.986301369863,150.0,35.75342465753425,0.410958904109589,32000.0,7627.397260273977,87.67123287671232
2025-03-29 00:00:00,50000.0,12054.79452054796,136.986301369863,150.0,36.16438356164384,0.410958904109589,32000.0,7715.068493150689,87.67123287671232
2025-03-30 00:00:00,50000.0,12191.780821917822,136.986301369863,150.0,36.57534246575343,0.410958904109589,32000.0,7802.739726027402,87.67123287671232
2025-03-31 00:00:00,50000.0,12328.767123287686,136.986301369863,150.0,36.98630136986302,0.410958904109589,32000.0,7890.4109589041145,87.67123287671232
2025-04-01 00:00:00,50000.0,12465.753424657549,136.986301369863,150.0,37.39726027397261,0.410958904109589,32000.0,7978.082191780827,87.67123287671232
2025-04-02 00:00:00,50000.0,12602.739726027412,136.986301369863,150.0,37.808219178082204,0.410958904109589,32000.0,8065.75342465754,87.67123287671232
2025-04-03 00:00:00,50000.0,12739.726027397275,136.986301369863,150.0,38.219178082191796,0.410958904109589,32000.0,8153.424657534252,87.67123287671232
2025-04-04 00:00:00,50000.0,12876.712328767138,136.986301369863,150.0,38.63013698630139,0.410958904109589,32000.0,8241.095890410965,87.67123287671232
2025-04-05 00:00:00,50000.0,13013.698630137002,136.986301369863,150.0,39.04109589041098,0.410958904109589,32000.0,8328.767123287676,87.67123287671232
2025-04-06 00:00:00,50000.0,13150.684931506865,136.986301369863,150.0,39.45205479452057,0.410958904109589,32000.0,8416.438356164388,87.67123287671232
2025-04-07 00:00:00,50000.0,13287.671232876728,136.986301369863,150.0,39.86301369863016,0.410958904109589,32000.0,8504.1095890411,87.67123287671232
2025-04-08 00:00:00,50000.0,13424.657534246591,136.986301369863,150.0,40.273972602739754,0.410958904109589,32000.0,8591.780821917811,87.67123287671232
2025-04-09 00:00:00,50000.0,13561.643835616454,136.986301369863,150.0,40.684931506849345,0.410958904109589,32000.0,8679.452054794523,87.67123287671232
2025-04-10 00:00:00,50000.0,13698.630136986318,136.986301369863,150.0,41.09589041095894,0.410958904109589,32000.0,8767.123287671235,87.67123287671232
2025-04-11 00:00:00,50000.0,13835.61643835618,136.986301369863,150.0,41.50684931506853,0.410958904109589,32000.0,8854.794520547946,87.67123287671232
2025-04-12 00:00:00,50000.0,13972.602739726044,136.986301369863,150.0,41.91780821917812,0.410958904109589,32000.0,8942.465753424658,87.67123287671232
2025-04-13 00:00:00,50000.0,14109.589041095907,136.986301369863,150.0,42.32876712328771,0.410958904109589,32000.0,9030.13698630137,87.67123287671232
2025-04-14 00:00:00,50000.0,14246.57534246577,136.986301369863,150.0,42.7397260273973,0.410958904109589,32000.0,9117.808219178081,87.67123287671232
2025-04-15 00:00:00,50000.0,14383.561643835634,136.986301369863,150.0,43.150684931506895,0.410958904109589,32000.0,9205.479452054793,87.67123287671232
2025-04-16 00:00:00,50000.0,14520.547945205497,136.986301369863,150.0,43.561643835616486,0.410958904109589,32000.0,9293.150684931505,87.67123287671232
2025-04-17 00:00:00,50000.0,14657.53424657536,136.986301369863,150.0,43.97260273972608,0.410958904109589,32000.0,9380.821917808216,87.67123287671232
2025-04-18 00:00:00,50000.0,14794.520547945223,136.986301369863,150.0,44.38356164383567,0.410958904109589,32000.0,9468.493150684928,87.67123287671232
2025-04-19 00:00:00,50000.0,14931.506849315087,136.986301369863,150.0,44.79452054794526,0.410958904109589,32000.0,9556.16438356164,87.67123287671232
2025-04-20 00:00:00,50000.0,15068.49315068495,136.986301369863,150.0,45.20547945205485,0.410958904109589,32000.0,9643.835616438351,87.67123287671232
2025-04-21 00:00:00,50000.0,15205.479452054813,136.986301369863,150.0,45.616438356164444,0.410958904109589,32000.0,9731.506849315063,87.67123287671232
2025-04-22 00:00:00,50000.0,15342.465753424676,136.986301369863,150.0,46.027397260274036,0.410958904109589,32000.0,9819.178082191775,87.67123287671232
2025-04-23 00:00:00,50000.0,15479.45205479454,136.986301369863,150.0,46.43835616438363,0.410958904109589,32000.0,9906.849315068486,87.67123287671232
2025-04-24 00:00:00,50000.0,15616.438356164403,136.986301369863,150.0,46.84931506849322,0.410958904109589,32000.0,9994.520547945198,87.67123287671232
2025-04-25 00:00:00,50000.0,15753.424657534266,136.986301369863,150.0,47.26027397260281,0.410958904109589,32000.0,10082.19178082191,87.67123287671232
2025-04-26 00:00:00,50000.0,15890.410958904129,136.986301369863,150.0,47.6712328767124,0.410958904109589,32000.0,10169.863013698621,87.67123287671232
2025-04-27 00:00:00,50000.0,16027.397260273992,136.986301369863,150.0,48.082191780821994,0.410958904109589,32000.0,10257.534246575333,87.67123287671232
2025-04-28 00:00:00,50000.0,16164.383561643856,136.986301369863,150.0,48.493150684931585,0.410958904109589,32000.0,10345.205479452045,87.67123287671232
2025-04-29 00:00:00,50000.0,16301.369863013719,136.986301369863,150.0,48.90410958904118,0.410958904109589,32000.0,10432.876712328756,87.67123287671232
2025-04-30 00:00:00,50000.0,16438.356164383582,136.986301369863,150.0,49.31506849315077,0.410958904109589,32000.0,10520.547945205468,87.67123287671232
2025-05-01 00:00:00,50000.0,16575.342465753445,136.986301369863,150.0,49.72602739726036,0.410958904109589,32000.0,10608.21917808218,87.67123287671232
2025-05-02 00:00:00,50000.0,16712.32876712331,136.986301369863,150.0,50.13698630136995,0.410958904109589,32000.0,10695.890410958891,87.67123287671232
2025-05-03 00:00:00,50000.0,16849.31506849317,136.986301369863,150.0,50.54794520547954,0.410958904109589,32000.0,10783.561643835603,87.67123287671232
2025-05-04 00:00:00,50000.0,16986.301369863035,136.986301369863,150.0,50.958904109589135,0.410958904109589,32000.0,10871.232876712314,87.67123287671232
2025-05-05 00:00:00,50000.0,17123.287671232898,136.986301369863,150.0,51.369863013698726,0.410958904109589,32000.0,10958.904109589026,87.67123287671232
2025-05-06 00:00:00,50000.0,17260.27397260276,136.986301369863,150.0,51.78082191780832,0.410958904109589,32000.0,11046.575342465738,87.67123287671232
2025-05-07 00:00:00,50000.0,17397.260273972624,136.986301369863,150.0,52.19178082191791,0.410958904109589,32000.0,11134.24657534245,87.67123287671232
2025-05-08 00:00:00,50000.0,17534.246575342488,136.986301369863,150.0,52.6027397260275,0.410958904109589,32000.0,11221.917808219161,87.67123287671232
2025-05-09 00:00:00,50000.0,17671.23287671235,136.986301369863,150.0,53.01369863013709,0.410958904109589,32000.0,11309.589041095873,87.67123287671232
2025-05-10 00:00:00,50000.0,17808.219178082214,136.986301369863,150.0,53.424657534246684,0.410958904109589,32000.0,11397.260273972584,87.67123287671232
2025-05-11 00:00:00,50000.0,17945.205479452077,136.986301369863,150.0,53.835616438356276,0.410958904109589,32000.0,11484.931506849296,87.67123287671232
2025-05-12 00:00:00,50000.0,18082.19178082194,136.986301369863,150.0,54.24657534246587,0.410958904109589,32000.0,11572.602739726008,87.67123287671232
2025-05-13 00:00:00,50000.0,18219.178082191804,136.986301369863,150.0,54.65753424657546,0.410958904109589,32000.0,11660.27397260272,87.67123287671232
2025-05-14 00:00:00,50000.0,18356.164383561667,136.986301369863,150.0,55.06849315068505,0.410958904109589,32000.0,11747.945205479431,87.67123287671232
2025-05-15 00:00:00,50000.0,18493.15068493153,136.986301369863,150.0,55.47945205479464,0.410958904109589,32000.0,11835.616438356143,87.67123287671232
2025-05-16 00:00:00,50000.0,18630.136986301393,136.986301369863,150.0,55.89041095890423,0.410958904109589,32000.0,11923.287671232854,87.67123287671232
2025-05-17 00:00:00,50000.0,18767.123287671257,136.986301369863,150.0,56.301369863013825,0.410958904109589,32000.0,12010.958904109566,87.67123287671232
2025-05-18 00:00:00,50000.0,18904.10958904112,136.986301369863,150.0,56.71232876712342,0.410958904109589,32000.0,12098.630136986278,87.67123287671232
2025-05-19 00:00:00,50000.0,19041.095890410983,136.986301369863,150.0,57.12328767123301,0.410958904109589,32000.0,12186.30136986299,87.67123287671232
2025-05-20 00:00:00,50000.0,19178.082191780846,136.986301369863,150.0,57.5342465753426,0.410958904109589,32000.0,12273.972602739701,87.67123287671232
2025-05-21 00:00:00,50000.0,19315.06849315071,136.986301369863,150.0,57.94520547945219,0.410958904109589,32000.0,12361.643835616413,87.67123287671232
2025-05-22 00:00:00,50000.0,19452.054794520573,136.986301369863,150.0,58.35616438356178,0.410958904109589,32000.0,12449.315068493124,87.67123287671232
2025-05-23 00:00:00,50000.0,19589.041095890436,136.986301369863,150.0,58.767123287671374,0.410958904109589,32000.0,12536.986301369836,87.67123287671232
2025-05-24 00:00:00,50000.0,19726.0273972603,136.986301369863,150.0,59.178082191780966,0.410958904109589,32000.0,12624.657534246548,87.67123287671232
2025-05-25 00:00:00,50000.0,19863.013698630162,136.986301369863,150.0,59.58904109589056,0.410958904109589,32000.0,12712.32876712326,87.67123287671232
2025-05-26 00:00:00,50000.0,20000.000000000025,136.986301369863,150.0,60.00000000000015,0.410958904109589,32000.0,12799.99999999997,87.67123287671232
2025-05-27 00:00:00,50000.0,20136.98630136989,136.986301369863,150.0,60.41095890410974,0.410958904109589,32000.0,12887.671232876683,87.67123287671232
2025-05-28 00:00:00,50000.0,20273.972602739752,136.986301369863,150.0,60.82191780821933,0.410958904109589,32000.0,12975.342465753394,87.67123287671232
2025-05-29 00:00:00,50000.0,20410.958904109615,136.986301369863,150.0,61.232876712328924,0.410958904109589,32000.0,13063.013698630106,87.67123287671232
2025-05-30 00:00:00,50000.0,20547.94520547948,136.986301369863,150.0,61.643835616438516,0.410958904109589,32000.0,13150.684931506818,87.67123287671232
2025-05-31 00:00:00,50000.0,20684.93150684934,136.986301369863,150.0,62.05479452054811,0.410958904109589,32000.0,13238.35616438353,87.67123287671232
2025-06-01 00:00:00,50000.0,20821.917808219205,136.986301369863,150.0,62.4657534246577,0.410958904109589,32000.0,13326.02739726024,87.67123287671232
2025-06-02 00:00:00,50000.0,20958.904109589068,136.986301369863,150.0,62.87671232876729,0.410958904109589,32000.0,13413.698630136952,87.67123287671232
2025-06-03 00:00:00,50000.0,21095.89041095893,136.986301369863,150.0,63.28767123287688,0.410958904109589,32000.0,13501.369863013664,87.67123287671232
2025-06-04 00:00:00,50000.0,21232.876712328794,136.986301369863,150.0,63.69863013698647,0.410958904109589,32000.0,13589.041095890376,87.67123287671232
2025-06-05 00:00:00,50000.0,21369.863013698658,136.986301369863,150.0,64.10958904109606,0.410958904109589,32000.0,13676.712328767087,87.67123287671232
2025-06-06 00:00:00,50000.0,21506.84931506852,136.986301369863,150.0,64.52054794520565,0.410958904109589,32000.0,13764.3835616438,87.67123287671232
2025-06-07 00:00:00,50000.0,21643.835616438384,136.986301369863,150.0,64.93150684931524,0.410958904109589,32000.0,13852.05479452051,87.67123287671232
2025-06-08 00:00:00,50000.0,21780.821917808247,136.986301369863,150.0,65.34246575342483,0.410958904109589,32000.0,13939.726027397222,87.67123287671232
2025-06-09 00:00:00,50000.0,21917.80821917811,136.986301369863,150.0,65.75342465753442,0.410958904109589,32000.0,14027.397260273934,87.67123287671232
2025-06-10 00:00:00,50000.0,22054.794520547974,136.986301369863,150.0,66.16438356164402,0.410958904109589,32000.0,14115.068493150646,87.67123287671232
2025-06-11 00:00:00,50000.0,22191.780821917837,136.986301369863,150.0,66.57534246575361,0.410958904109589,32000.0,14202.739726027357,87.67123287671232
2025-06-12 00:00:00,50000.0,22328.7671232877,136.986301369863,150.0,66.9863013698632,0.410958904109589,32000.0,14290.410958904069,87.67123287671232
2025-06-13 00:00:00,50000.0,22465.753424657563,136.986301369863,150.0,67.39726027397279,0.410958904109589,32000.0,14378.08219178078,87.67123287671232
2025-06-14 00:00:00,50000.0,22602.739726027427,136.986301369863,150.0,67.80821917808238,0.410958904109589,32000.0,14465.753424657492,87.67123287671232
2025-06-15 00:00:00,50000.0,22739.72602739729,136.986301369863,150.0,68.21917808219197,0.410958904109589,32000.0,14553.424657534204,87.67123287671232
2025-06-16 00:00:00,50000.0,22876.712328767153,136.986301369863,150.0,68.63013698630157,0.410958904109589,32000.0,14641.095890410916,87.67123287671232
2025-06-17 00:00:00,50000.0,23013.698630137016,136.986301369863,150.0,69.04109589041116,0.410958904109589,32000.0,14728.767123287627,87.67123287671232
2025-06-18 00:00:00,50000.0,23150.68493150688,136.986301369863,150.0,69.45205479452075,0.410958904109589,32000.0,14816.438356164339,87.67123287671232
2025-06-19 00:00:00,50000.0,23287.671232876743,136.986301369863,150.0,69.86301369863034,0.410958904109589,32000.0,14904.10958904105,87.67123287671232
2025-06-20 00:00:00,50000.0,23424.657534246606,136.986301369863,150.0,70.27397260273993,0.410958904109589,32000.0,14991.780821917762,87.67123287671232
2025-06-21 00:00:00,50000.0,23561.64383561647,136.986301369863,150.0,70.68493150684952,0.410958904109589,32000.0,15079.452054794474,87.67123287671232
2025-06-22 00:00:00,50000.0,23698.630136986332,136.986301369863,150.0,71.09589041095911,0.410958904109589,32000.0,15167.123287671186,87.67123287671232
2025-06-23 00:00:00,50000.0,23835.616438356195,136.986301369863,150.0,71.5068493150687,0.410958904109589,32000.0,15254.794520547897,87.67123287671232
2025-06-24 00:00:00,50000.0,23972.60273972606,136.986301369863,150.0,71.9178082191783,0.410958904109589,32000.0,15342.465753424609,87.67123287671232
2025-06-25 00:00:00,50000.0,24109.589041095922,136.986301369863,150.0,72.32876712328789,0.410958904109589,32000.0,15430.13698630132,87.67123287671232
2025-06-26 00:00:00,50000.0,24246.575342465785,136.986301369863,150.0,72.73972602739748,0.410958904109589,32000.0,15517.808219178032,87.67123287671232
2025-06-27 00:00:00,50000.0,24383.56164383565,136.986301369863,150.0,73.15068493150707,0.410958904109589,32000.0,15605.479452054744,87.67123287671232
2025-06-28 00:00:00,50000.0,24520.54794520551,136.986301369863,150.0,73.56164383561666,0.410958904109589,32000.0,15693.150684931456,87.67123287671232
2025-06-29 00:00:00,50000.0,24657.534246575375,136.986301369863,150.0,73.97260273972626,0.410958904109589,32000.0,15780.821917808167,87.67123287671232
2025-06-30 00:00:00,50000.0,24794.520547945238,136.986301369863,150.0,74.38356164383585,0.410958904109589,32000.0,15868.493150684879,87.67123287671232
2025-07-01 00:00:00,50000.0,24931.5068493151,136.986301369863,150.0,74.79452054794544,0.410958904109589,32000.0,15956.16438356159,87.67123287671232
2025-07-02 00:00:00,50000.0,25068.493150684964,136.986301369863,150.0,75.20547945205503,0.410958904109589,32000.0,16043.835616438302,87.67123287671232
2025-07-03 00:00:00,50000.0,25205.479452054828,136.986301369863,150.0,75.61643835616462,0.410958904109589,32000.0,16131.506849315014,87.67123287671232
2025-07-04 00:00:00,50000.0,25342.46575342469,136.986301369863,150.0,76.02739726027421,0.410958904109589,32000.0,16219.178082191725,87.67123287671232
2025-07-05 00:00:00,50000.0,25479.452054794554,136.986301369863,150.0,76.4383561643838,0.410958904109589,32000.0,16306.849315068437,87.67123287671232
2025-07-06 00:00:00,50000.0,25616.438356164417,136.986301369863,150.0,76.8493150684934,0.410958904109589,32000.0,16394.52054794515,87.67123287671232
2025-07-07 00:00:00,50000.0,25753.42465753428,136.986301369863,150.0,77.26027397260299,0.410958904109589,32000.0,16482.191780821864,87.67123287671232
2025-07-08 00:00:00,50000.0,25890.410958904144,136.986301369863,150.0,77.67123287671258,0.410958904109589,32000.0,16569.863013698578,87.67123287671232
2025-07-09 00:00:00,50000.0,26027.397260274007,136.986301369863,150.0,78.08219178082217,0.410958904109589,32000.0,16657.53424657529,87.67123287671232
2025-07-10 00:00:00,50000.0,26164.38356164387,136.986301369863,150.0,78.49315068493176,0.410958904109589,32000.0,16745.205479452005,87.67123287671232
2025-07-11 00:00:00,50000.0,26301.369863013733,136.986301369863,150.0,78.90410958904135,0.410958904109589,32000.0,16832.876712328718,87.67123287671232
2025-07-12 00:00:00,50000.0,26438.356164383596,136.986301369863,150.0,79.31506849315095,0.410958904109589,32000.0,16920.54794520543,87.67123287671232
2025-07-13 00:00:00,50000.0,26575.34246575346,136.986301369863,150.0,79.72602739726054,0.410958904109589,32000.0,17008.219178082145,87.67123287671232
2025-07-14 00:00:00,50000.0,26712.328767123323,136.986301369863,150.0,80.13698630137013,0.410958904109589,32000.0,17095.89041095886,87.67123287671232
2025-07-15 00:00:00,50000.0,26849.315068493186,136.986301369863,150.0,80.54794520547972,0.410958904109589,32000.0,17183.561643835572,87.67123287671232
2025-07-16 00:00:00,50000.0,26986.30136986305,136.986301369863,150.0,80.95890410958931,0.410958904109589,32000.0,17271.232876712285,87.67123287671232
2025-07-17 00:00:00,50000.0,27123.287671232913,136.986301369863,150.0,81.3698630136989,0.410958904109589,32000.0,17358.904109589,87.67123287671232
2025-07-18 00:00:00,50000.0,27260.273972602776,136.986301369863,150.0,81.7808219178085,0.410958904109589,32000.0,17446.575342465712,87.67123287671232
2025-07-19 00:00:00,50000.0,27397.26027397264,136.986301369863,150.0,82.19178082191809,0.410958904109589,32000.0,17534.246575342426,87.67123287671232
2025-07-20 00:00:00,50000.0,27534.246575342502,136.986301369863,150.0,82.60273972602768,0.410958904109589,32000.0,17621.91780821914,87.67123287671232
2025-07-21 00:00:00,50000.0,27671.232876712365,136.986301369863,150.0,83.01369863013727,0.410958904109589,32000.0,17709.589041095853,87.67123287671232
2025-07-22 00:00:00,50000.0,27808.21917808223,136.986301369863,150.0,83.42465753424686,0.410958904109589,32000.0,17797.260273972566,87.67123287671232
2025-07-23 00:00:00,50000.0,27945.205479452092,136.986301369863,150.0,83.83561643835645,0.410958904109589,32000.0,17884.93150684928,87.67123287671232
2025-07-24 00:00:00,50000.0,28082.191780821955,136.986301369863,150.0,84.24657534246604,0.410958904109589,32000.0,17972.602739725993,87.67123287671232
2025-07-25 00:00:00,50000.0,28219.17808219182,136.986301369863,150.0,84.65753424657564,0.410958904109589,32000.0,18060.273972602707,87.67123287671232
2025-07-26 00:00:00,50000.0,28356.16438356168,136.986301369863,150.0,85.06849315068523,0.410958904109589,32000.0,18147.94520547942,87.67123287671232
2025-07-27 00:00:00,50000.0,28493.150684931545,136.986301369863,150.0,85.47945205479482,0.410958904109589,32000.0,18235.616438356134,87.67123287671232
2025-07-28 00:00:00,50000.0,28630.136986301408,136.986301369863,150.0,85.89041095890441,0.410958904109589,32000.0,18323.287671232847,87.67123287671232
2025-07-29 00:00:00,50000.0,28767.12328767127,136.986301369863,150.0,86.301369863014,0.410958904109589,32000.0,18410.95890410956,87.67123287671232
2025-07-30 00:00:00,50000.0,28904.109589041134,136.986301369863,150.0,86.7123287671236,0.410958904109589,32000.0,18498.630136986274,87.67123287671232
2025-07-31 00:00:00,50000.0,29041.095890410998,136.986301369863,150.0,87.12328767123319,0.410958904109589,32000.0,18586.301369862987,87.67123287671232
2025-08-01 00:00:00,50000.0,29178.08219178086,136.986301369863,150.0,87.53424657534278,0.410958904109589,32000.0,18673.9726027397,87.67123287671232
2025-08-02 00:00:00,50000.0,29315.068493150724,136.986301369863,150.0,87.94520547945237,0.410958904109589,32000.0,18761.643835616414,87.67123287671232
2025-08-03 00:00:00,50000.0,29452.054794520587,136.986301369863,150.0,88.35616438356196,0.410958904109589,32000.0,18849.315068493128,87.67123287671232
2025-08-04 00:00:00,50000.0,29589.04109589045,136.986301369863,150.0,88.76712328767155,0.410958904109589,32000.0,18936.98630136984,87.67123287671232
2025-08-05 00:00:00,50000.0,29726.027397260314,136.986301369863,150.0,89.17808219178114,0.410958904109589,32000.0,19024.657534246555,87.67123287671232
2025-08-06 00:00:00,50000.0,29863.013698630177,136.986301369863,150.0,89.58904109589074,0.410958904109589,32000.0,19112.32876712327,87.67123287671232
2025-08-07 00:00:00,50000.0,30000.00000000004,136.986301369863,150.0,90.00000000000033,0.410958904109589,32000.0,19199.99999999998,87.67123287671232
2025-08-08 00:00:00,50000.0,30136.986301369903,136.986301369863,150.0,90.41095890410992,0.410958904109589,32000.0,19287.671232876695,87.67123287671232
2025-08-09 00:00:00,50000.0,30273.972602739766,136.986301369863,150.0,90.82191780821951,0.410958904109589,32000.0,19375.34246575341,87.67123287671232
2025-08-10 00:00:00,50000.0,30410.95890410963,136.986301369863,150.0,91.2328767123291,0.410958904109589,32000.0,19463.013698630122,87.67123287671232
2025-08-11 00:00:00,50000.0,30547.945205479493,136.986301369863,150.0,91.6438356164387,0.410958904109589,32000.0,19550.684931506836,87.67123287671232
2025-08-12 00:00:00,50000.0,30684.931506849356,136.986301369863,150.0,92.05479452054828,0.410958904109589,32000.0,19638.35616438355,87.67123287671232
2025-08-13 00:00:00,50000.0,30821.91780821922,136.986301369863,150.0,92.46575342465788,0.410958904109589,32000.0,19726.027397260263,87.67123287671232
2025-08-14 00:00:00,50000.0,30958.904109589083,136.986301369863,150.0,92.87671232876747,0.410958904109589,32000.0,19813.698630136976,87.67123287671232
2025-08-15 00:00:00,50000.0,31095.890410958946,136.986301369863,150.0,93.28767123287706,0.410958904109589,32000.0,19901.36986301369,87.67123287671232
2025-08-16 00:00:00,50000.0,31232.87671232881,136.986301369863,150.0,93.69863013698665,0.410958904109589,32000.0,19989.041095890403,87.67123287671232
2025-08-17 00:00:00,50000.0,31369.863013698672,136.986301369863,150.0,94.10958904109624,0.410958904109589,32000.0,20076.712328767117,87.67123287671232
2025-08-18 00:00:00,50000.0,31506.849315068535,136.986301369863,150.0,94.52054794520583,0.410958904109589,32000.0,20164.38356164383,87.67123287671232
2025-08-19 00:00:00,50000.0,31643.8356164384,136.986301369863,150.0,94.93150684931543,0.410958904109589,32000.0,20252.054794520544,87.67123287671232
2025-08-20 00:00:00,50000.0,31780.82191780826,136.986301369863,150.0,95.34246575342502,0.410958904109589,32000.0,20339.726027397257,87.67123287671232
2025-08-21 00:00:00,50000.0,31917.808219178125,136.986301369863,150.0,95.75342465753461,0.410958904109589,32000.0,20427.39726027397,87.67123287671232
2025-08-22 00:00:00,50000.0,32054.79452054799,136.986301369863,150.0,96.1643835616442,0.410958904109589,32000.0,20515.068493150684,87.67123287671232
2025-08-23 00:00:00,50000.0,32191.78082191785,136.986301369863,150.0,96.57534246575379,0.410958904109589,32000.0,20602.739726027397,87.67123287671232
2025-08-24 00:00:00,50000.0,32328.767123287715,136.986301369863,150.0,96.98630136986338,0.410958904109589,32000.0,20690.41095890411,87.67123287671232
2025-08-25 00:00:00,50000.0,32465.753424657578,136.986301369863,150.0,97.39726027397298,0.410958904109589,32000.0,20778.082191780824,87.67123287671232
2025-08-26 00:00:00,50000.0,32602.73972602744,136.986301369863,150.0,97.80821917808257,0.410958904109589,32000.0,20865.753424657538,87.67123287671232
2025-08-27 00:00:00,50000.0,32739.726027397304,136.986301369863,150.0,98.21917808219216,0.410958904109589,32000.0,20953.42465753425,87.67123287671232
2025-08-28 00:00:00,50000.0,32876.712328767164,136.986301369863,150.0,98.63013698630175,0.410958904109589,32000.0,21041.095890410965,87.67123287671232
2025-08-29 00:00:00,50000.0,33013.69863013703,136.986301369863,150.0,99.04109589041134,0.410958904109589,32000.0,21128.76712328768,87.67123287671232
2025-08-30 00:00:00,50000.0,33150.68493150689,136.986301369863,150.0,99.45205479452093,0.410958904109589,32000.0,21216.43835616439,87.67123287671232
2025-08-31 00:00:00,50000.0,33287.67123287675,136.986301369863,150.0,99.86301369863052,0.410958904109589,32000.0,21304.109589041105,87.67123287671232
2025-09-01 00:00:00,50000.0,33424.65753424662,136.986301369863,150.0,100.27397260274012,0.410958904109589,32000.0,21391.78082191782,87.67123287671232
2025-09-02 00:00:00,50000.0,33561.64383561648,136.986301369863,150.0,100.68493150684971,0.410958904109589,32000.0,21479.452054794532,87.67123287671232
2025-09-03 00:00:00,50000.0,33698.63013698634,136.986301369863,150.0,101.0958904109593,0.410958904109589,32000.0,21567.123287671246,87.67123287671232
2025-09-04 00:00:00,50000.0,33835.616438356206,136.986301369863,150.0,101.50684931506889,0.410958904109589,32000.0,21654.79452054796,87.67123287671232
2025-09-05 00:00:00,50000.0,33972.60273972607,136.986301369863,150.0,101.91780821917848,0.410958904109589,32000.0,21742.465753424673,87.67123287671232
2025-09-06 00:00:00,50000.0,34109.58904109593,136.986301369863,150.0,102.32876712328807,0.410958904109589,32000.0,21830.136986301386,87.67123287671232
2025-09-07 00:00:00,50000.0,34246.575342465796,136.986301369863,150.0,102.73972602739767,0.410958904109589,32000.0,21917.8082191781,87.67123287671232
2025-09-08 00:00:00,50000.0,34383.56164383566,136.986301369863,150.0,103.15068493150726,0.410958904109589,32000.0,22005.479452054813,87.67123287671232
2025-09-09 00:00:00,50000.0,34520.54794520552,136.986301369863,150.0,103.56164383561685,0.410958904109589,32000.0,22093.150684931526,87.67123287671232
2025-09-10 00:00:00,50000.0,34657.534246575386,136.986301369863,150.0,103.97260273972644,0.410958904109589,32000.0,22180.82191780824,87.67123287671232
2025-09-11 00:00:00,50000.0,34794.52054794525,136.986301369863,150.0,104.38356164383603,0.410958904109589,32000.0,22268.493150684953,87.67123287671232
2025-09-12 00:00:00,50000.0,34931.50684931511,136.986301369863,150.0,104.79452054794562,0.410958904109589,32000.0,22356.164383561667,87.67123287671232
2025-09-13 00:00:00,50000.0,35068.493150684975,136.986301369863,150.0,105.20547945205522,0.410958904109589,32000.0,22443.83561643838,87.67123287671232
2025-09-14 00:00:00,50000.0,35205.47945205484,136.986301369863,150.0,105.6164383561648,0.410958904109589,32000.0,22531.506849315094,87.67123287671232
2025-09-15 00:00:00,50000.0,35342.4657534247,136.986301369863,150.0,106.0273972602744,0.410958904109589,32000.0,22619.178082191807,87.67123287671232
2025-09-16 00:00:00,50000.0,35479.452054794565,136.986301369863,150.0,106.43835616438399,0.410958904109589,32000.0,22706.84931506852,87.67123287671232
2025-09-17 00:00:00,50000.0,35616.43835616443,136.986301369863,150.0,106.84931506849358,0.410958904109589,32000.0,22794.520547945234,87.67123287671232
2025-09-18 00:00:00,50000.0,35753.42465753429,136.986301369863,150.0,107.26027397260317,0.410958904109589,32000.0,22882.191780821948,87.67123287671232
2025-09-19 00:00:00,50000.0,35890.410958904155,136.986301369863,150.0,107.67123287671276,0.410958904109589,32000.0,22969.86301369866,87.67123287671232
2025-09-20 00:00:00,50000.0,36027.39726027402,136.986301369863,150.0,108.08219178082236,0.410958904109589,32000.0,23057.534246575375,87.67123287671232
2025-09-21 00:00:00,50000.0,36164.38356164388,136.986301369863,150.0,108.49315068493195,0.410958904109589,32000.0,23145.20547945209,87.67123287671232
2025-09-22 00:00:00,50000.0,36301.369863013744,136.986301369863,150.0,108.90410958904154,0.410958904109589,32000.0,23232.8767123288,87.67123287671232
2025-09-23 00:00:00,50000.0,36438.35616438361,136.986301369863,150.0,109.31506849315113,0.410958904109589,32000.0,23320.547945205515,87.67123287671232
2025-09-24 00:00:00,50000.0,36575.34246575347,136.986301369863,150.0,109.72602739726072,0.410958904109589,32000.0,23408.21917808223,87.67123287671232
2025-09-25 00:00:00,50000.0,36712.328767123334,136.986301369863,150.0,110.13698630137031,0.410958904109589,32000.0,23495.890410958942,87.67123287671232
2025-09-26 00:00:00,50000.0,36849.3150684932,136.986301369863,150.0,110.5479452054799,0.410958904109589,32000.0,23583.561643835656,87.67123287671232
2025-09-27 00:00:00,50000.0,36986.30136986306,136.986301369863,150.0,110.9589041095895,0.410958904109589,32000.0,23671.23287671237,87.67123287671232
2025-09-28 00:00:00,50000.0,37123.28767123292,136.986301369863,150.0,111.36986301369909,0.410958904109589,32000.0,23758.904109589083,87.67123287671232
2025-09-29 00:00:00,50000.0,37260.27397260279,136.986301369863,150.0,111.78082191780868,0.410958904109589,32000.0,23846.575342465796,87.67123287671232
2025-09-30 00:00:00,50000.0,37397.26027397265,136.986301369863,150.0,112.19178082191827,0.410958904109589,32000.0,23934.24657534251,87.67123287671232
2025-10-01 00:00:00,50000.0,37534.24657534251,136.986301369863,150.0,112.60273972602786,0.410958904109589,32000.0,24021.917808219223,87.67123287671232
2025-10-02 00:00:00,50000.0,37671.232876712376,136.986301369863,150.0,113.01369863013745,0.410958904109589,32000.0,24109.589041095936,87.67123287671232
2025-10-03 00:00:00,50000.0,37808.21917808224,136.986301369863,150.0,113.42465753424705,0.410958904109589,32000.0,24197.26027397265,87.67123287671232
2025-10-04 00:00:00,50000.0,37945.2054794521,136.986301369863,150.0,113.83561643835664,0.410958904109589,32000.0,24284.931506849363,87.67123287671232
2025-10-05 00:00:00,50000.0,38082.191780821966,136.986301369863,150.0,114.24657534246623,0.410958904109589,32000.0,24372.602739726077,87.67123287671232
2025-10-06 00:00:00,50000.0,38219.17808219183,136.986301369863,150.0,114.65753424657582,0.410958904109589,32000.0,24460.27397260279,87.67123287671232
2025-10-07 00:00:00,50000.0,38356.16438356169,136.986301369863,150.0,115.06849315068541,0.410958904109589,32000.0,24547.945205479504,87.67123287671232
2025-10-08 00:00:00,50000.0,38493.150684931556,136.986301369863,150.0,115.479452054795,0.410958904109589,32000.0,24635.616438356217,87.67123287671232
2025-10-09 00:00:00,50000.0,38630.13698630142,136.986301369863,150.0,115.8904109589046,0.410958904109589,32000.0,24723.28767123293,87.67123287671232
2025-10-10 00:00:00,50000.0,38767.12328767128,136.986301369863,150.0,116.30136986301419,0.410958904109589,32000.0,24810.958904109644,87.67123287671232
2025-10-11 00:00:00,50000.0,38904.109589041145,136.986301369863,150.0,116.71232876712378,0.410958904109589,32000.0,24898.630136986358,87.67123287671232
2025-10-12 00:00:00,50000.0,39041.09589041101,136.986301369863,150.0,117.12328767123337,0.410958904109589,32000.0,24986.30136986307,87.67123287671232
2025-10-13 00:00:00,50000.0,39178.08219178087,136.986301369863,150.0,117.53424657534296,0.410958904109589,32000.0,25073.972602739785,87.67123287671232
2025-10-14 00:00:00,50000.0,39315.068493150735,136.986301369863,150.0,117.94520547945255,0.410958904109589,32000.0,25161.643835616498,87.67123287671232
2025-10-15 00:00:00,50000.0,39452.0547945206,136.986301369863,150.0,118.35616438356215,0.410958904109589,32000.0,25249.31506849321,87.67123287671232
2025-10-16 00:00:00,50000.0,39589.04109589046,136.986301369863,150.0,118.76712328767174,0.410958904109589,32000.0,25336.986301369925,87.67123287671232
2025-10-17 00:00:00,50000.0,39726.027397260325,136.986301369863,150.0,119.17808219178133,0.410958904109589,32000.0,25424.65753424664,87.67123287671232
2025-10-18 00:00:00,50000.0,39863.01369863019,136.986301369863,150.0,119.58904109589092,0.410958904109589,32000.0,25512.328767123352,87.67123287671232
2025-10-19 00:00:00,50000.0,40000.00000000005,136.986301369863,150.0,120.00000000000051,0.410958904109589,32000.0,25600.000000000065,87.67123287671232
2025-10-20 00:00:00,50000.0,40136.986301369914,136.986301369863,150.0,120.4109589041101,0.410958904109589,32000.0,25687.67123287678,87.67123287671232
2025-10-21 00:00:00,50000.0,40273.97260273978,136.986301369863,150.0,120.8219178082197,0.410958904109589,32000.0,25775.342465753492,87.67123287671232
2025-10-22 00:00:00,50000.0,40410.95890410964,136.986301369863,150.0,121.23287671232929,0.410958904109589,32000.0,25863.013698630206,87.67123287671232
2025-10-23 00:00:00,50000.0,40547.945205479504,136.986301369863,150.0,121.64383561643888,0.410958904109589,32000.0,25950.68493150692,87.67123287671232
2025-10-24 00:00:00,50000.0,40684.93150684937,136.986301369863,150.0,122.05479452054847,0.410958904109589,32000.0,26038.356164383633,87.67123287671232
2025-10-25 00:00:00,50000.0,40821.91780821923,136.986301369863,150.0,122.46575342465806,0.410958904109589,32000.0,26126.027397260346,87.67123287671232
2025-10-26 00:00:00,50000.0,40958.90410958909,136.986301369863,150.0,122.87671232876765,0.410958904109589,32000.0,26213.69863013706,87.67123287671232
2025-10-27 00:00:00,50000.0,41095.89041095896,136.986301369863,150.0,123.28767123287724,0.410958904109589,32000.0,26301.369863013773,87.67123287671232
2025-10-28 00:00:00,50000.0,41232.87671232882,136.986301369863,150.0,123.69863013698684,0.410958904109589,32000.0,26389.041095890487,87.67123287671232
2025-10-29 00:00:00,50000.0,41369.86301369868,136.986301369863,150.0,124.10958904109643,0.410958904109589,32000.0,26476.7123287672,87.67123287671232
2025-10-30 00:00:00,50000.0,41506.849315068546,136.986301369863,150.0,124.52054794520602,0.410958904109589,32000.0,26564.383561643914,87.67123287671232
2025-10-31 00:00:00,50000.0,41643.83561643841,136.986301369863,150.0,124.93150684931561,0.410958904109589,32000.0,26652.054794520627,87.67123287671232
2025-11-01 00:00:00,50000.0,41780.82191780827,136.986301369863,150.0,125.3424657534252,0.410958904109589,32000.0,26739.72602739734,87.67123287671232
2025-11-02 00:00:00,50000.0,41917.808219178136,136.986301369863,150.0,125.7534246575348,0.410958904109589,32000.0,26827.397260274054,87.67123287671232
2025-11-03 00:00:00,50000.0,42054.794520548,136.986301369863,150.0,126.16438356164439,0.410958904109589,32000.0,26915.068493150768,87.67123287671232
2025-11-04 00:00:00,50000.0,42191.78082191786,136.986301369863,150.0,126.57534246575398,0.410958904109589,32000.0,27002.73972602748,87.67123287671232
2025-11-05 00:00:00,50000.0,42328.767123287726,136.986301369863,150.0,126.98630136986357,0.410958904109589,32000.0,27090.410958904195,87.67123287671232
2025-11-06 00:00:00,50000.0,42465.75342465759,136.986301369863,150.0,127.39726027397316,0.410958904109589,32000.0,27178.082191780908,87.67123287671232
2025-11-07 00:00:00,50000.0,42602.73972602745,136.986301369863,150.0,127.80821917808275,0.410958904109589,32000.0,27265.75342465762,87.67123287671232
2025-11-08 00:00:00,50000.0,42739.726027397315,136.986301369863,150.0,128.21917808219234,0.410958904109589,32000.0,27353.424657534335,87.67123287671232
2025-11-09 00:00:00,50000.0,42876.71232876718,136.986301369863,150.0,128.63013698630192,0.410958904109589,32000.0,27441.09589041105,87.67123287671232
2025-11-10 00:00:00,50000.0,43013.69863013704,136.986301369863,150.0,129.0410958904115,0.410958904109589,32000.0,27528.767123287762,87.67123287671232
2025-11-11 00:00:00,50000.0,43150.684931506905,136.986301369863,150.0,129.45205479452108,0.410958904109589,32000.0,27616.438356164475,87.67123287671232
2025-11-12 00:00:00,50000.0,43287.67123287677,136.986301369863,150.0,129.86301369863065,0.410958904109589,32000.0,27704.10958904119,87.67123287671232
2025-11-13 00:00:00,50000.0,43424.65753424663,136.986301369863,150.0,130.27397260274023,0.410958904109589,32000.0,27791.780821917902,87.67123287671232
2025-11-14 00:00:00,50000.0,43561.643835616494,136.986301369863,150.0,130.6849315068498,0.410958904109589,32000.0,27879.452054794616,87.67123287671232
2025-11-15 00:00:00,50000.0,43698.63013698636,136.986301369863,150.0,131.09589041095938,0.410958904109589,32000.0,27967.12328767133,87.67123287671232
2025-11-16 00:00:00,50000.0,43835.61643835622,136.986301369863,150.0,131.50684931506896,0.410958904109589,32000.0,28054.794520548043,87.67123287671232
2025-11-17 00:00:00,50000.0,43972.602739726084,136.986301369863,150.0,131.91780821917854,0.410958904109589,32000.0,28142.465753424756,87.67123287671232
2025-11-18 00:00:00,50000.0,44109.58904109595,136.986301369863,150.0,132.32876712328812,0.410958904109589,32000.0,28230.13698630147,87.67123287671232
2025-11-19 00:00:00,50000.0,44246.57534246581,136.986301369863,150.0,132.7397260273977,0.410958904109589,32000.0,28317.808219178183,87.67123287671232
2025-11-20 00:00:00,50000.0,44383.561643835674,136.986301369863,150.0,133.15068493150727,0.410958904109589,32000.0,28405.479452054897,87.67123287671232
2025-11-21 00:00:00,50000.0,44520.54794520554,136.986301369863,150.0,133.56164383561685,0.410958904109589,32000.0,28493.15068493161,87.67123287671232
2025-11-22 00:00:00,50000.0,44657.5342465754,136.986301369863,150.0,133.97260273972643,0.410958904109589,32000.0,28580.821917808324,87.67123287671232
2025-11-23 00:00:00,50000.0,44794.52054794526,136.986301369863,150.0,134.383561643836,0.410958904109589,32000.0,28668.493150685037,87.67123287671232
2025-11-24 00:00:00,50000.0,44931.50684931513,136.986301369863,150.0,134.79452054794558,0.410958904109589,32000.0,28756.16438356175,87.67123287671232
2025-11-25 00:00:00,50000.0,45068.49315068499,136.986301369863,150.0,135.20547945205516,0.410958904109589,32000.0,28843.835616438464,87.67123287671232
2025-11-26 00:00:00,50000.0,45205.47945205485,136.986301369863,150.0,135.61643835616474,0.410958904109589,32000.0,28931.506849315178,87.67123287671232
2025-11-27 00:00:00,50000.0,45342.465753424716,136.986301369863,150.0,136.0273972602743,0.410958904109589,32000.0,29019.17808219189,87.67123287671232
2025-11-28 00:00:00,50000.0,45479.45205479458,136.986301369863,150.0,136.4383561643839,0.410958904109589,32000.0,29106.849315068604,87.67123287671232
2025-11-29 00:00:00,50000.0,45616.43835616444,136.986301369863,150.0,136.84931506849347,0.410958904109589,32000.0,29194.520547945318,87.67123287671232
2025-11-30 00:00:00,50000.0,45753.424657534306,136.986301369863,150.0,137.26027397260304,0.410958904109589,32000.0,29282.19178082203,87.67123287671232
2025-12-01 00:00:00,50000.0,45890.41095890417,136.986301369863,150.0,137.67123287671262,0.410958904109589,32000.0,29369.863013698745,87.67123287671232
2025-12-02 00:00:00,50000.0,46027.39726027403,136.986301369863,150.0,138.0821917808222,0.410958904109589,32000.0,29457.53424657546,87.67123287671232
2025-12-03 00:00:00,50000.0,46164.383561643896,136.986301369863,150.0,138.49315068493178,0.410958904109589,32000.0,29545.205479452172,87.67123287671232
2025-12-04 00:00:00,50000.0,46301.36986301376,136.986301369863,150.0,138.90410958904135,0.410958904109589,32000.0,29632.876712328885,87.67123287671232
2025-12-05 00:00:00,50000.0,46438.35616438362,136.986301369863,150.0,139.31506849315093,0.410958904109589,32000.0,29720.5479452056,87.67123287671232
2025-12-06 00:00:00,50000.0,46575.342465753485,136.986301369863,150.0,139.7260273972605,0.410958904109589,32000.0,29808.219178082312,87.67123287671232
2025-12-07 00:00:00,50000.0,46712.32876712335,136.986301369863,150.0,140.1369863013701,0.410958904109589,32000.0,29895.890410959026,87.67123287671232
2025-12-08 00:00:00,50000.0,46849.31506849321,136.986301369863,150.0,140.54794520547966,0.410958904109589,32000.0,29983.56164383574,87.67123287671232
2025-12-09 00:00:00,50000.0,46986.301369863075,136.986301369863,150.0,140.95890410958924,0.410958904109589,32000.0,30071.232876712453,87.67123287671232
2025-12-10 00:00:00,50000.0,47123.28767123294,136.986301369863,150.0,141.36986301369882,0.410958904109589,32000.0,30158.904109589166,87.67123287671232
2025-12-11 00:00:00,50000.0,47260.2739726028,136.986301369863,150.0,141.7808219178084,0.410958904109589,32000.0,30246.57534246588,87.67123287671232
2025-12-12 00:00:00,50000.0,47397.260273972664,136.986301369863,150.0,142.19178082191797,0.410958904109589,32000.0,30334.246575342593,87.67123287671232
2025-12-13 00:00:00,50000.0,47534.24657534253,136.986301369863,150.0,142.60273972602755,0.410958904109589,32000.0,30421.917808219307,87.67123287671232
2025-12-14 00:00:00,50000.0,47671.23287671239,136.986301369863,150.0,143.01369863013713,0.410958904109589,32000.0,30509.58904109602,87.67123287671232
2025-12-15 00:00:00,50000.0,47808.219178082254,136.986301369863,150.0,143.4246575342467,0.410958904109589,32000.0,30597.260273972734,87.67123287671232
2025-12-16 00:00:00,50000.0,47945.20547945212,136.986301369863,150.0,143.83561643835628,0.410958904109589,32000.0,30684.931506849447,87.67123287671232
2025-12-17 00:00:00,50000.0,48082.19178082198,136.986301369863,150.0,144.24657534246586,0.410958904109589,32000.0,30772.60273972616,87.67123287671232
2025-12-18 00:00:00,50000.0,48219.178082191844,136.986301369863,150.0,144.65753424657544,0.410958904109589,32000.0,30860.273972602874,87.67123287671232
2025-12-19 00:00:00,50000.0,48356.16438356171,136.986301369863,150.0,145.06849315068501,0.410958904109589,32000.0,30947.945205479587,87.67123287671232
2025-12-20 00:00:00,50000.0,48493.15068493157,136.986301369863,150.0,145.4794520547946,0.410958904109589,32000.0,31035.6164383563,87.67123287671232
2025-12-21 00:00:00,50000.0,48630.13698630143,136.986301369863,150.0,145.89041095890417,0.410958904109589,32000.0,31123.287671233014,87.67123287671232
2025-12-22 00:00:00,50000.0,48767.1232876713,136.986301369863,150.0,146.30136986301375,0.410958904109589,32000.0,31210.958904109728,87.67123287671232
2025-12-23 00:00:00,50000.0,48904.10958904116,136.986301369863,150.0,146.71232876712332,0.410958904109589,32000.0,31298.63013698644,87.67123287671232
2025-12-24 00:00:00,50000.0,49041.09589041102,136.986301369863,150.0,147.1232876712329,0.410958904109589,32000.0,31386.301369863155,87.67123287671232
2025-12-25 00:00:00,50000.0,49178.082191780886,136.986301369863,150.0,147.53424657534248,0.410958904109589,32000.0,31473.97260273987,87.67123287671232
2025-12-26 00:00:00,50000.0,49315.06849315075,136.986301369863,150.0,147.94520547945206,0.410958904109589,32000.0,31561.64383561658,87.67123287671232
2025-12-27 00:00:00,50000.0,49452.05479452061,136.986301369863,150.0,148.35616438356163,0.410958904109589,32000.0,31649.315068493295,87.67123287671232
2025-12-28 00:00:00,50000.0,49589.041095890476,136.986301369863,150.0,148.7671232876712,0.410958904109589,32000.0,31736.98630137001,87.67123287671232
2025-12-29 00:00:00,50000.0,49726.02739726034,136.986301369863,150.0,149.1780821917808,0.410958904109589,32000.0,31824.657534246722,87.67123287671232
2025-12-30 00:00:00,50000.0,49863.0136986302,136.986301369863,150.0,149.58904109589037,0.410958904109589,32000.0,31912.328767123436,87.67123287671232
2025-12-31 00:00:00,50000.0,50000.000000000065,136.986301369863,150.0,149.99999999999994,0.410958904109589,32000.0,32000.00000000015,87.67123287671232
2026-01-01 00:00:00,,,,,,,,,
2026-01-02 00:00:00,,,,,,,,,
2026-01-03 00:00:00,,,,,,,,,
2026-01-04 00:00:00,,,,,,,,,
2026-01-05 00:00:00,,,,,,,,,
2026-01-06 00:00:00,,,,,,,,,
2026-01-07 00:00:00,,,,,,,,,
2026-01-08 00:00:00,,,,,,,,,
2026-01-09 00:00:00,,,,,,,,,
2026-01-10 00:00:00,,,,,,,,,
2026-01-11 00:00:00,,,,,,,,,
2026-01-12 00:00:00,,,,,,,,,
2026-01-13 00:00:00,,,,,,,,,
2026-01-14 00:00:00,,,,,,,,,
2026-01-15 00:00:00,,,,,,,,,
2026-01-16 00:00:00,,,,,,,,,
2026-01-17 00:00:00,,,,,,,,,
2026-01-18 00:00:00,,,,,,,,,
2026-01-19 00:00:00,,,,,,,,,
2026-01-20 00:00:00,,,,,,,,,
2026-01-21 00:00:00,,,,,,,,,
2026-01-22 00:00:00,,,,,,,,,
2026-01-23 00:00:00,,,,,,,,,
2026-01-24 00:00:00,,,,,,,,,
2026-01-25 00:00:00,,,,,,,,,
2026-01-26 00:00:00,,,,,,,,,
2026-01-27 00:00:00,,,,,,,,,
2026-01-28 00:00:00,,,,,,,,,
2026-01-29 00:00:00,,,,,,,,,
2026-01-30 00:00:00,,,,,,,,,
2026-01-31 00:00:00,,,,,,,,,
2026-02-01 00:00:00,,,,,,,,,
2026-02-02 00:00:00,,,,,,,,,
2026-02-03 00:00:00,,,,,,,,,
2026-02-04 00:00:00,,,,,,,,,
2026-02-05 00:00:00,,,,,,,,,
2026-02-06 00:00:00,,,,,,,,,
2026-02-07 00:00:00,,,,,,,,,
2026-02-08 00:00:00,,,,,,,,,
2026-02-09 00:00:00,,,,,,,,,
2026-02-10 00:00:00,,,,,,,,,
2026-02-11 00:00:00,,,,,,,,,
2026-02-12 00:00:00,,,,,,,,,
2026-02-13 00:00:00,,,,,,,,,
2026-02-14 00:00:00,,,,,,,,,
2026-02-15 00:00:00,,,,,,,,,
2026-02-16 00:00:00,,,,,,,,,
2026-02-17 00:00:00,,,,,,,,,
2026-02-18 00:00:00,,,,,,,,,
2026-02-19 00:00:00,,,,,,,,,
2026-02-20 00:00:00,,,,,,,,,
2026-02-21 00:00:00,,,,,,,,,
2026-02-22 00:00:00,,,,,,,,,
2026-02-23 00:00:00,,,,,,,,,
2026-02-24 00:00:00,,,,,,,,,
2026-02-25 00:00:00,,,,,,,,,
2026-02-26 00:00:00,,,,,,,,,
2026-02-27 00:00:00,,,,,,,,,
2026-02-28 00:00:00,,,,,,,,,
2026-03-01 00:00:00,,,,,,,,,
2026-03-02 00:00:00,,,,,,,,,
2026-03-03 00:00:00,,,,,,,,,
2026-03-04 00:00:00,,,,,,,,,
2026-03-05 00:00:00,,,,,,,,,
2026-03-06 00:00:00,,,,,,,,,
2026-03-07 00:00:00,,,,,,,,,
2026-03-08 00:00:00,,,,,,,,,
2026-03-09 00:00:00,,,,,,,,,
2026-03-10 00:00:00,,,,,,,,,
2026-03-11 00:00:00,,,,,,,,,
2026-03-12 00:00:00,,,,,,,,,
2026-03-13 00:00:00,,,,,,,,,
2026-03-14 00:00:00,,,,,,,,,
2026-03-15 00:00:00,,,,,,,,,
2026-03-16 00:00:00,,,,,,,,,
2026-03-17 00:00:00,,,,,,,,,
2026-03-18 00:00:00,,,,,,,,,
2026-03-19 00:00:00,,,,,,,,,
2026-03-20 00:00:00,,,,,,,,,
2026-03-21 00:00:00,,,,,,,,,
2026-03-22 00:00:00,,,,,,,,,
2026-03-23 00:00:00,,,,,,,,,
2026-03-24 00:00:00,,,,,,,,,
2026-03-25 00:00:00,,,,,,,,,
2026-03-26 00:00:00,,,,,,,,,
2026-03-27 00:00:00,,,,,,,,,
2026-03-28 00:00:00,,,,,,,,,
2026-03-29 00:00:00,,,,,,,,,
2026-03-30 00:00:00,,,,,,,,,
2026-03-31 00:00:00,,,,,,,,,
2026-04-01 00:00:00,,,,,,,,,
2026-04-02 00:00:00,,,,,,,,,
2026-04-03 00:00:00,,,,,,,,,
2026-04-04 00:00:00,,,,,,,,,
2026-04-05 00:00:00,,,,,,,,,
2026-04-06 00:00:00,,,,,,,,,
2026-04-07 00:00:00,,,,,,,,,
2026-04-08 00:00:00,,,,,,,,,
2026-04-09 00:00:00,,,,,,,,,
2026-04-10 00:00:00,,,,,,,,,
2026-04-11 00:00:00,,,,,,,,,
2026-04-12 00:00:00,,,,,,,,,
2026-04-13 00:00:00,,,,,,,,,
2026-04-14 00:00:00,,,,,,,,,
2026-04-15 00:00:00,,,,,,,,,
2026-04-16 00:00:00,,,,,,,,,
2026-04-17 00:00:00,,,,,,,,,
2026-04-18 00:00:00,,,,,,,,,
2026-04-19 00:00:00,,,,,,,,,
2026-04-20 00:00:00,,,,,,,,,
2026-04-21 00:00:00,,,,,,,,,
2026-04-22 00:00:00,,,,,,,,,
2026-04-23 00:00:00,,,,,,,,,
2026-04-24 00:00:00,,,,,,,,,
2026-04-25 00:00:00,,,,,,,,,
2026-04-26 00:00:00,,,,,,,,,
2026-04-27 00:00:00,,,,,,,,,
2026-04-28 00:00:00,,,,,,,,,
2026-04-29 00:00:00,,,,,,,,,
2026-04-30 00:00:00,,,,,,,,,
2026-05-01 00:00:00,,,,,,,,,
2026-05-02 00:00:00,,,,,,,,,
2026-05-03 00:00:00,,,,,,,,,
2026-05-04 00:00:00,,,,,,,,,
2026-05-05 00:00:00,,,,,,,,,
2026-05-06 00:00:00,,,,,,,,,
2026-05-07 00:00:00,,,,,,,,,
2026-05-08 00:00:00,,,,,,,,,
2026-05-09 00:00:00,,,,,,,,,
2026-05-10 00:00:00,,,,,,,,,
2026-05-11 00:00:00,,,,,,,,,
2026-05-12 00:00:00,,,,,,,,,
2026-05-13 00:00:00,,,,,,,,,
2026-05-14 00:00:00,,,,,,,,,
2026-05-15 00:00:00,,,,,,,,,
2026-05-16 00:00:00,,,,,,,,,
2026-05-17 00:00:00,,,,,,,,,
2026-05-18 00:00:00,,,,,,,,,
2026-05-19 00:00:00,,,,,,,,,
2026-05-20 00:00:00,,,,,,,,,
2026-05-21 00:00:00,,,,,,,,,
2026-05-22 00:00:00,,,,,,,,,
2026-05-23 00:00:00,,,,,,,,,
2026-05-24 00:00:00,,,,,,,,,
2026-05-25 00:00:00,,,,,,,,,
2026-05-26 00:00:00,,,,,,,,,
2026-05-27 00:00:00,,,,,,,,,
2026-05-28 00:00:00,,,,,,,,,
2026-05-29 00:00:00,,,,,,,,,
2026-05-30 00:00:00,,,,,,,,,
2026-05-31 00:00:00,,,,,,,,,
2026-06-01 00:00:00,,,,,,,,,
2026-06-02 00:00:00,,,,,,,,,
2026-06-03 00:00:00,,,,,,,,,
2026-06-04 00:00:00,,,,,,,,,
2026-06-05 00:00:00,,,,,,,,,
2026-06-06 00:00:00,,,,,,,,,
2026-06-07 00:00:00,,,,,,,,,
2026-06-08 00:00:00,,,,,,,,,
2026-06-09 00:00:00,,,,,,,,,
2026-06-10 00:00:00,,,,,,,,,
2026-06-11 00:00:00,,,,,,,,,
2026-06-12 00:00:00,,,,,,,,,
2026-06-13 00:00:00,,,,,,,,,
2026-06-14 00:00:00,,,,,,,,,
2026-06-15 00:00:00,,,,,,,,,
2026-06-16 00:00:00,,,,,,,,,
2026-06-17 00:00:00,,,,,,,,,
2026-06-18 00:00:00,,,,,,,,,
2026-06-19 00:00:00,,,,,,,,,
2026-06-20 00:00:00,,,,,,,,,
2026-06-21 00:00:00,,,,,,,,,
2026-06-22 00:00:00,,,,,,,,,
2026-06-23 00:00:00,,,,,,,,,
2026-06-24 00:00:00,,,,,,,,,
2026-06-25 00:00:00,,,,,,,,,
2026-06-26 00:00:00,,,,,,,,,
2026-06-27 00:00:00,,,,,,,,,
2026-06-28 00:00:00,,,,,,,,,
2026-06-29 00:00:00,,,,,,,,,
2026-06-30 00:00:00,,,,,,,,,
2026-07-01 00:00:00,,,,,,,,,
2026-07-02 00:00:00,,,,,,,,,
2026-07-03 00:00:00,,,,,,,,,
2026-07-04 00:00:00,,,,,,,,,
2026-07-05 00:00:00,,,,,,,,,
2026-07-06 00:00:00,,,,,,,,,
2026-07-07 00:00:00,,,,,,,,,
2026-07-08 00:00:00,,,,,,,,,
2026-07-09 00:00:00,,,,,,,,,
2026-07-10 00:00:00,,,,,,,,,
2026-07-11 00:00:00,,,,,,,,,
2026-07-12 00:00:00,,,,,,,,,
2026-07-13 00:00:00,,,,,,,,,
2026-07-14 00:00:00,,,,,,,,,
2026-07-15 00:00:00,,,,,,,,,
2026-07-16 00:00:00,,,,,,,,,
2026-07-17 00:00:00,,,,,,,,,
2026-07-18 00:00:00,,,,,,,,,
2026-07-19 00:00:00,,,,,,,,,
2026-07-20 00:00:00,,,,,,,,,
2026-07-21 00:00:00,,,,,,,,,
2026-07-22 00:00:00,,,,,,,,,
2026-07-23 00:00:00,,,,,,,,,
2026-07-24 00:00:00,,,,,,,,,
2026-07-25 00:00:00,,,,,,,,,
2026-07-26 00:00:00,,,,,,,,,
2026-07-27 00:00:00,,,,,,,,,
2026-07-28 00:00:00,,,,,,,,,
2026-07-29 00:00:00,,,,,,,,,
2026-07-30 00:00:00,,,,,,,,,
2026-07-31 00:00:00,,,,,,,,,
2026-08-01 00:00:00,,,,,,,,,
2026-08-02 00:00:00,,,,,,,,,
2026-08-03 00:00:00,,,,,,,,,
2026-08-04 00:00:00,,,,,,,,,
2026-08-05 00:00:00,,,,,,,,,
2026-08-06 00:00:00,,,,,,,,,
2026-08-07 00:00:00,,,,,,,,,
2026-08-08 00:00:00,,,,,,,,,
2026-08-09 00:00:00,,,,,,,,,
2026-08-10 00:00:00,,,,,,,,,
2026-08-11 00:00:00,,,,,,,,,
2026-08-12 00:00:00,,,,,,,,,
2026-08-13 00:00:00,,,,,,,,,
2026-08-14 00:00:00,,,,,,,,,
2026-08-15 00:00:00,,,,,,,,,
2026-08-16 00:00:00,,,,,,,,,
2026-08-17 00:00:00,,,,,,,,,
2026-08-18 00:00:00,,,,,,,,,
2026-08-19 00:00:00,,,,,,,,,
2026-08-20 00:00:00,,,,,,,,,
2026-08-21 00:00:00,,,,,,,,,
2026-08-22 00:00:00,,,,,,,,,
2026-08-23 00:00:00,,,,,,,,,
2026-08-24 00:00:00,,,,,,,,,
2026-08-25 00:00:00,,,,,,,,,
2026-08-26 00:00:00,,,,,,,,,
2026-08-27 00:00:00,,,,,,,,,
2026-08-28 00:00:00,,,,,,,,,
2026-08-29 00:00:00,,,,,,,,,
2026-08-30 00:00:00,,,,,,,,,
2026-08-31 00:00:00,,,,,,,,,
2026-09-01 00:00:00,,,,,,,,,
2026-09-02 00:00:00,,,,,,,,,
2026-09-03 00:00:00,,,,,,,,,
2026-09-04 00:00:00,,,,,,,,,
2026-09-05 00:00:00,,,,,,,,,
2026-09-06 00:00:00,,,,,,,,,
2026-09-07 00:00:00,,,,,,,,,
2026-09-08 00:00:00,,,,,,,,,
2026-09-09 00:00:00,,,,,,,,,
2026-09-10 00:00:00,,,,,,,,,
2026-09-11 00:00:00,,,,,,,,,
2026-09-12 00:00:00,,,,,,,,,
2026-09-13 00:00:00,,,,,,,,,
2026-09-14 00:00:00,,,,,,,,,
2026-09-15 00:00:00,,,,,,,,,
2026-09-16 00:00:00,,,,,,,,,
2026-09-17 00:00:00,,,,,,,,,
2026-09-18 00:00:00,,,,,,,,,
2026-09-19 00:00:00,,,,,,,,,
2026-09-20 00:00:00,,,,,,,,,
2026-09-21 00:00:00,,,,,,,,,
2026-09-22 00:00:00,,,,,,,,,
2026-09-23 00:00:00,,,,,,,,,
2026-09-24 00:00:00,,,,,,,,,
2026-09-25 00:00:00,,,,,,,,,
2026-09-26 00:00:00,,,,,,,,,
2026-09-27 00:00:00,,,,,,,,,
2026-09-28 00:00:00,,,,,,,,,
2026-09-29 00:00:00,,,,,,,,,
2026-09-30 00:00:00,,,,,,,,,
2026-10-01 00:00:00,,,,,,,,,
2026-10-02 00:00:00,,,,,,,,,
2026-10-03 00:00:00,,,,,,,,,
2026-10-04 00:00:00,,,,,,,,,
2026-10-05 00:00:00,,,,,,,,,
2026-10-06 00:00:00,,,,,,,,,
2026-10-07 00:00:00,,,,,,,,,
2026-10-08 00:00:00,,,,,,,,,
2026-10-09 00:00:00,,,,,,,,,
2026-10-10 00:00:00,,,,,,,,,
2026-10-11 00:00:00,,,,,,,,,
2026-10-12 00:00:00,,,,,,,,,
2026-10-13 00:00:00,,,,,,,,,
2026-10-14 00:00:00,,,,,,,,,
2026-10-15 00:00:00,,,,,,,,,
2026-10-16 00:00:00,,,,,,,,,
2026-10-17 00:00:00,,,,,,,,,
2026-10-18 00:00:00,,,,,,,,,
2026-10-19 00:00:00,,,,,,,,,
2026-10-20 00:00:00,,,,,,,,,
2026-10-21 00:00:00,,,,,,,,,
2026-10-22 00:00:00,,,,,,,,,
2026-10-23 00:00:00,,,,,,,,,
2026-10-24 00:00:00,,,,,,,,,
2026-10-25 00:00:00,,,,,,,,,
2026-10-26 00:00:00,,,,,,,,,
2026-10-27 00:00:00,,,,,,,,,
2026-10-28 00:00:00,,,,,,,,,
2026-10-29 00:00:00,,,,,,,,,
2026-10-30 00:00:00,,,,,,,,,
2026-10-31 00:00:00,,,,,,,,,
2026-11-01 00:00:00,,,,,,,,,
2026-11-02 00:00:00,,,,,,,,,
2026-11-03 00:00:00,,,,,,,,,
2026-11-04 00:00:00,,,,,,,,,
2026-11-05 00:00:00,,,,,,,,,
2026-11-06 00:00:00,,,,,,,,,
2026-11-07 00:00:00,,,,,,,,,
2026-11-08 00:00:00,,,,,,,,,
2026-11-09 00:00:00,,,,,,,,,
2026-11-10 00:00:00,,,,,,,,,
2026-11-11 00:00:00,,,,,,,,,
2026-11-12 00:00:00,,,,,,,,,
2026-11-13 00:00:00,,,,,,,,,
2026-11-14 00:00:00,,,,,,,,,
2026-11-15 00:00:00,,,,,,,,,
2026-11-16 00:00:00,,,,,,,,,
2026-11-17 00:00:00,,,,,,,,,
2026-11-18 00:00:00,,,,,,,,,
2026-11-19 00:00:00,,,,,,,,,
2026-11-20 00:00:00,,,,,,,,,
2026-11-21 00:00:00,,,,,,,,,
2026-11-22 00:00:00,,,,,,,,,
2026-11-23 00:00:00,,,,,,,,,
2026-11-24 00:00:00,,,,,,,,,
2026-11-25 00:00:00,,,,,,,,,
2026-11-26 00:00:00,,,,,,,,,
2026-11-27 00:00:00,,,,,,,,,
2026-11-28 00:00:00,,,,,,,,,
2026-11-29 00:00:00,,,,,,,,,
2026-11-30 00:00:00,,,,,,,,,
2026-12-01 00:00:00,,,,,,,,,
2026-12-02 00:00:00,,,,,,,,,
2026-12-03 00:00:00,,,,,,,,,
2026-12-04 00:00:00,,,,,,,,,
2026-12-05 00:00:00,,,,,,,,,
2026-12-06 00:00:00,,,,,,,,,
2026-12-07 00:00:00,,,,,,,,,
2026-12-08 00:00:00,,,,,,,,,
2026-12-09 00:00:00,,,,,,,,,
2026-12-10 00:00:00,,,,,,,,,
2026-12-11 00:00:00,,,,,,,,,
2026-12-12 00:00:00,,,,,,,,,
2026-12-13 00:00:00,,,,,,,,,
2026-12-14 00:00:00,,,,,,,,,
2026-12-15 00:00:00,,,,,,,,,
2026-12-16 00:00:00,,,,,,,,,
2026-12-17 00:00:00,,,,,,,,,
2026-12-18 00:00:00,,,,,,,,,
2026-12-19 00:00:00,,,,,,,,,
2026-12-20 00:00:00,,,,,,,,,
2026-12-21 00:00:00,,,,,,,,,
2026-12-22 00:00:00,,,,,,,,,
2026-12-23 00:00:00,,,,,,,,,
2026-12-24 00:00:00,,,,,,,,,
2026-12-25 00:00:00,,,,,,,,,
2026-12-26 00:00:00,,,,,,,,,
2026-12-27 00:00:00,,,,,,,,,
2026-12-28 00:00:00,,,,,,,,,
2026-12-29 00:00:00,,,,,,,,,
2026-12-30 00:00:00,,,,,,,,,
2026-12-31 00:00:00,,,,,,,,,
2027-01-01 00:00:00,,,,,,,,,
2027-01-02 00:00:00,,,,,,,,,
2027-01-03 00:00:00,,,,,,,,,
2027-01-04 00:00:00,,,,,,,,,
2027-01-05 00:00:00,,,,,,,,,
2027-01-06 00:00:00,,,,,,,,,
2027-01-07 00:00:00,,,,,,,,,
2027-01-08 00:00:00,,,,,,,,,
2027-01-09 00:00:00,,,,,,,,,
2027-01-10 00:00:00,,,,,,,,,
2027-01-11 00:00:00,,,,,,,,,
2027-01-12 00:00:00,,,,,,,,,
2027-01-13 00:00:00,,,,,,,,,
2027-01-14 00:00:00,,,,,,,,,
2027-01-15 00:00:00,,,,,,,,,
2027-01-16 00:00:00,,,,,,,,,
2027-01-17 00:00:00,,,,,,,,,
2027-01-18 00:00:00,,,,,,,,,
2027-01-19 00:00:00,,,,,,,,,
2027-01-20 00:00:00,,,,,,,,,
2027-01-21 00:00:00,,,,,,,,,
2027-01-22 00:00:00,,,,,,,,,
2027-01-23 00:00:00,,,,,,,,,
2027-01-24 00:00:00,,,,,,,,,
2027-01-25 00:00:00,,,,,,,,,
2027-01-26 00:00:00,,,,,,,,,
2027-01-27 00:00:00,,,,,,,,,
2027-01-28 00:00:00,,,,,,,,,
2027-01-29 00:00:00,,,,,,,,,
2027-01-30 00:00:00,,,,,,,,,
2027-01-31 00:00:00,,,,,,,,,
2027-02-01 00:00:00,,,,,,,,,
2027-02-02 00:00:00,,,,,,,,,
2027-02-03 00:00:00,,,,,,,,,
2027-02-04 00:00:00,,,,,,,,,
2027-02-05 00:00:00,,,,,,,,,
2027-02-06 00:00:00,,,,,,,,,
2027-02-07 00:00:00,,,,,,,,,
2027-02-08 00:00:00,,,,,,,,,
2027-02-09 00:00:00,,,,,,,,,
2027-02-10 00:00:00,,,,,,,,,
2027-02-11 00:00:00,,,,,,,,,
2027-02-12 00:00:00,,,,,,,,,
2027-02-13 00:00:00,,,,,,,,,
2027-02-14 00:00:00,,,,,,,,,
2027-02-15 00:00:00,,,,,,,,,
2027-02-16 00:00:00,,,,,,,,,
2027-02-17 00:00:00,,,,,,,,,
2027-02-18 00:00:00,,,,,,,,,
2027-02-19 00:00:00,,,,,,,,,
2027-02-20 00:00:00,,,,,,,,,
2027-02-21 00:00:00,,,,,,,,,
2027-02-22 00:00:00,,,,,,,,,
2027-02-23 00:00:00,,,,,,,,,
2027-02-24 00:00:00,,,,,,,,,
2027-02-25 00:00:00,,,,,,,,,
2027-02-26 00:00:00,,,,,,,,,
2027-02-27 00:00:00,,,,,,,,,
2027-02-28 00:00:00,,,,,,,,,
2027-03-01 00:00:00,,,,,,,,,
2027-03-02 00:00:00,,,,,,,,,
2027-03-03 00:00:00,,,,,,,,,
2027-03-04 00:00:00,,,,,,,,,
2027-03-05 00:00:00,,,,,,,,,
2027-03-06 00:00:00,,,,,,,,,
2027-03-07 00:00:00,,,,,,,,,
2027-03-08 00:00:00,,,,,,,,,
2027-03-09 00:00:00,,,,,,,,,
2027-03-10 00:00:00,,,,,,,,,
2027-03-11 00:00:00,,,,,,,,,
2027-03-12 00:00:00,,,,,,,,,
2027-03-13 00:00:00,,,,,,,,,
2027-03-14 00:00:00,,,,,,,,,
2027-03-15 00:00:00,,,,,,,,,
2027-03-16 00:00:00,,,,,,,,,
2027-03-17 00:00:00,,,,,,,,,
2027-03-18 00:00:00,,,,,,,,,
2027-03-19 00:00:00,,,,,,,,,
2027-03-20 00:00:00,,,,,,,,,
2027-03-21 00:00:00,,,,,,,,,
2027-03-22 00:00:00,,,,,,,,,
2027-03-23 00:00:00,,,,,,,,,
2027-03-24 00:00:00,,,,,,,,,
2027-03-25 00:00:00,,,,,,,,,
2027-03-26 00:00:00,,,,,,,,,
2027-03-27 00:00:00,,,,,,,,,
2027-03-28 00:00:00,,,,,,,,,
2027-03-29 00:00:00,,,,,,,,,
2027-03-30 00:00:00,,,,,,,,,
2027-03-31 00:00:00,,,,,,,,,
2027-04-01 00:00:00,,,,,,,,,
2027-04-02 00:00:00,,,,,,,,,
2027-04-03 00:00:00,,,,,,,,,
2027-04-04 00:00:00,,,,,,,,,
2027-04-05 00:00:00,,,,,,,,,
2027-04-06 00:00:00,,,,,,,,,
2027-04-07 00:00:00,,,,,,,,,
2027-04-08 00:00:00,,,,,,,,,
2027-04-09 00:00:00,,,,,,,,,
2027-04-10 00:00:00,,,,,,,,,
2027-04-11 00:00:00,,,,,,,,,
2027-04-12 00:00:00,,,,,,,,,
2027-04-13 00:00:00,,,,,,,,,
2027-04-14 00:00:00,,,,,,,,,
2027-04-15 00:00:00,,,,,,,,,
2027-04-16 00:00:00,,,,,,,,,
2027-04-17 00:00:00,,,,,,,,,
2027-04-18 00:00:00,,,,,,,,,
2027-04-19 00:00:00,,,,,,,,,
2027-04-20 00:00:00,,,,,,,,,
2027-04-21 00:00:00,,,,,,,,,
2027-04-22 00:00:00,,,,,,,,,
2027-04-23 00:00:00,,,,,,,,,
2027-04-24 00:00:00,,,,,,,,,
2027-04-25 00:00:00,,,,,,,,,
2027-04-26 00:00:00,,,,,,,,,
2027-04-27 00:00:00,,,,,,,,,
2027-04-28 00:00:00,,,,,,,,,
2027-04-29 00:00:00,,,,,,,,,
2027-04-30 00:00:00,,,,,,,,,
2027-05-01 00:00:00,,,,,,,,,
2027-05-02 00:00:00,,,,,,,,,
2027-05-03 00:00:00,,,,,,,,,
2027-05-04 00:00:00,,,,,,,,,
2027-05-05 00:00:00,,,,,,,,,
2027-05-06 00:00:00,,,,,,,,,
2027-05-07 00:00:00,,,,,,,,,
2027-05-08 00:00:00,,,,,,,,,
2027-05-09 00:00:00,,,,,,,,,
2027-05-10 00:00:00,,,,,,,,,
2027-05-11 00:00:00,,,,,,,,,
2027-05-12 00:00:00,,,,,,,,,
2027-05-13 00:00:00,,,,,,,,,
2027-05-14 00:00:00,,,,,,,,,
2027-05-15 00:00:00,,,,,,,,,
2027-05-16 00:00:00,,,,,,,,,
2027-05-17 00:00:00,,,,,,,,,
2027-05-18 00:00:00,,,,,,,,,
2027-05-19 00:00:00,,,,,,,,,
2027-05-20 00:00:00,,,,,,,,,
2027-05-21 00:00:00,,,,,,,,,
2027-05-22 00:00:00,,,,,,,,,
2027-05-23 00:00:00,,,,,,,,,
2027-05-24 00:00:00,,,,,,,,,
2027-05-25 00:00:00,,,,,,,,,
2027-05-26 00:00:00,,,,,,,,,
2027-05-27 00:00:00,,,,,,,,,
2027-05-28 00:00:00,,,,,,,,,
2027-05-29 00:00:00,,,,,,,,,
2027-05-30 00:00:00,,,,,,,,,
2027-05-31 00:00:00,,,,,,,,,
2027-06-01 00:00:00,,,,,,,,,
2027-06-02 00:00:00,,,,,,,,,
2027-06-03 00:00:00,,,,,,,,,
2027-06-04 00:00:00,,,,,,,,,
2027-06-05 00:00:00,,,,,,,,,
2027-06-06 00:00:00,,,,,,,,,
2027-06-07 00:00:00,,,,,,,,,
2027-06-08 00:00:00,,,,,,,,,
2027-06-09 00:00:00,,,,,,,,,
2027-06-10 00:00:00,,,,,,,,,
2027-06-11 00:00:00,,,,,,,,,
2027-06-12 00:00:00,,,,,,,,,
2027-06-13 00:00:00,,,,,,,,,
2027-06-14 00:00:00,,,,,,,,,
2027-06-15 00:00:00,,,,,,,,,
2027-06-16 00:00:00,,,,,,,,,
2027-06-17 00:00:00,,,,,,,,,
2027-06-18 00:00:00,,,,,,,,,
2027-06-19 00:00:00,,,,,,,,,
2027-06-20 00:00:00,,,,,,,,,
2027-06-21 00:00:00,,,,,,,,,
2027-06-22 00:00:00,,,,,,,,,
2027-06-23 00:00:00,,,,,,,,,
2027-06-24 00:00:00,,,,,,,,,
2027-06-25 00:00:00,,,,,,,,,
2027-06-26 00:00:00,,,,,,,,,
2027-06-27 00:00:00,,,,,,,,,
2027-06-28 00:00:00,,,,,,,,,
2027-06-29 00:00:00,,,,,,,,,
2027-06-30 00:00:00,,,,,,,,,
2027-07-01 00:00:00,,,,,,,,,
2027-07-02 00:00:00,,,,,,,,,
2027-07-03 00:00:00,,,,,,,,,
2027-07-04 00:00:00,,,,,,,,,
2027-07-05 00:00:00,,,,,,,,,
2027-07-06 00:00:00,,,,,,,,,
2027-07-07 00:00:00,,,,,,,,,
2027-07-08 00:00:00,,,,,,,,,
2027-07-09 00:00:00,,,,,,,,,
2027-07-10 00:00:00,,,,,,,,,
2027-07-11 00:00:00,,,,,,,,,
2027-07-12 00:00:00,,,,,,,,,
2027-07-13 00:00:00,,,,,,,,,
2027-07-14 00:00:00,,,,,,,,,
2027-07-15 00:00:00,,,,,,,,,
2027-07-16 00:00:00,,,,,,,,,
2027-07-17 00:00:00,,,,,,,,,
2027-07-18 00:00:00,,,,,,,,,
2027-07-19 00:00:00,,,,,,,,,
2027-07-20 00:00:00,,,,,,,,,
2027-07-21 00:00:00,,,,,,,,,
2027-07-22 00:00:00,,,,,,,,,
2027-07-23 00:00:00,,,,,,,,,
2027-07-24 00:00:00,,,,,,,,,
2027-07-25 00:00:00,,,,,,,,,
2027-07-26 00:00:00,,,,,,,,,
2027-07-27 00:00:00,,,,,,,,,
2027-07-28 00:00:00,,,,,,,,,
2027-07-29 00:00:00,,,,,,,,,
2027-07-30 00:00:00,,,,,,,,,
2027-07-31 00:00:00,,,,,,,,,
2027-08-01 00:00:00,,,,,,,,,
2027-08-02 00:00:00,,,,,,,,,
2027-08-03 00:00:00,,,,,,,,,
2027-08-04 00:00:00,,,,,,,,,
2027-08-05 00:00:00,,,,,,,,,
2027-08-06 00:00:00,,,,,,,,,
2027-08-07 00:00:00,,,,,,,,,
2027-08-08 00:00:00,,,,,,,,,
2027-08-09 00:00:00,,,,,,,,,
2027-08-10 00:00:00,,,,,,,,,
2027-08-11 00:00:00,,,,,,,,,
2027-08-12 00:00:00,,,,,,,,,
2027-08-13 00:00:00,,,,,,,,,
2027-08-14 00:00:00,,,,,,,,,
2027-08-15 00:00:00,,,,,,,,,
2027-08-16 00:00:00,,,,,,,,,
2027-08-17 00:00:00,,,,,,,,,
2027-08-18 00:00:00,,,,,,,,,
2027-08-19 00:00:00,,,,,,,,,
2027-08-20 00:00:00,,,,,,,,,
2027-08-21 00:00:00,,,,,,,,,
2027-08-22 00:00:00,,,,,,,,,
2027-08-23 00:00:00,,,,,,,,,
2027-08-24 00:00:00,,,,,,,,,
2027-08-25 00:00:00,,,,,,,,,
2027-08-26 00:00:00,,,,,,,,,
2027-08-27 00:00:00,,,,,,,,,
2027-08-28 00:00:00,,,,,,,,,
2027-08-29 00:00:00,,,,,,,,,
2027-08-30 00:00:00,,,,,,,,,
2027-08-31 00:00:00,,,,,,,,,
2027-09-01 00:00:00,,,,,,,,,
2027-09-02 00:00:00,,,,,,,,,
2027-09-03 00:00:00,,,,,,,,,
2027-09-04 00:00:00,,,,,,,,,
2027-09-05 00:00:00,,,,,,,,,
2027-09-06 00:00:00,,,,,,,,,
2027-09-07 00:00:00,,,,,,,,,
2027-09-08 00:00:00,,,,,,,,,
2027-09-09 00:00:00,,,,,,,,,
2027-09-10 00:00:00,,,,,,,,,
2027-09-11 00:00:00,,,,,,,,,
2027-09-12 00:00:00,,,,,,,,,
2027-09-13 00:00:00,,,,,,,,,
2027-09-14 00:00:00,,,,,,,,,
2027-09-15 00:00:00,,,,,,,,,
2027-09-16 00:00:00,,,,,,,,,
2027-09-17 00:00:00,,,,,,,,,
2027-09-18 00:00:00,,,,,,,,,
2027-09-19 00:00:00,,,,,,,,,
2027-09-20 00:00:00,,,,,,,,,
2027-09-21 00:00:00,,,,,,,,,
2027-09-22 00:00:00,,,,,,,,,
2027-09-23 00:00:00,,,,,,,,,
2027-09-24 00:00:00,,,,,,,,,
2027-09-25 00:00:00,,,,,,,,,
2027-09-26 00:00:00,,,,,,,,,
2027-09-27 00:00:00,,,,,,,,,
2027-09-28 00:00:00,,,,,,,,,
2027-09-29 00:00:00,,,,,,,,,
2027-09-30 00:00:00,,,,,,,,,
2027-10-01 00:00:00,,,,,,,,,
2027-10-02 00:00:00,,,,,,,,,
2027-10-03 00:00:00,,,,,,,,,
2027-10-04 00:00:00,,,,,,,,,
2027-10-05 00:00:00,,,,,,,,,
2027-10-06 00:00:00,,,,,,,,,
2027-10-07 00:00:00,,,,,,,,,
2027-10-08 00:00:00,,,,,,,,,
2027-10-09 00:00:00,,,,,,,,,
2027-10-10 00:00:00,,,,,,,,,
2027-10-11 00:00:00,,,,,,,,,
2027-10-12 00:00:00,,,,,,,,,
2027-10-13 00:00:00,,,,,,,,,
2027-10-14 00:00:00,,,,,,,,,
2027-10-15 00:00:00,,,,,,,,,
2027-10-16 00:00:00,,,,,,,,,
2027-10-17 00:00:00,,,,,,,,,
2027-10-18 00:00:00,,,,,,,,,
2027-10-19 00:00:00,,,,,,,,,
2027-10-20 00:00:00,,,,,,,,,
2027-10-21 00:00:00,,,,,,,,,
2027-10-22 00:00:00,,,,,,,,,
2027-10-23 00:00:00,,,,,,,,,
2027-10-24 00:00:00,,,,,,,,,
2027-10-25 00:00:00,,,,,,,,,
2027-10-26 00:00:00,,,,,,,,,
2027-10-27 00:00:00,,,,,,,,,
2027-10-28 00:00:00,,,,,,,,,
2027-10-29 00:00:00,,,,,,,,,
2027-10-30 00:00:00,,,,,,,,,
2027-10-31 00:00:00,,,,,,,,,
2027-11-01 00:00:00,,,,,,,,,
2027-11-02 00:00:00,,,,,,,,,
2027-11-03 00:00:00,,,,,,,,,
2027-11-04 00:00:00,,,,,,,,,
2027-11-05 00:00:00,,,,,,,,,
2027-11-06 00:00:00,,,,,,,,,
2027-11-07 00:00:00,,,,,,,,,
2027-11-08 00:00:00,,,,,,,,,
2027-11-09 00:00:00,,,,,,,,,
2027-11-10 00:00:00,,,,,,,,,
2027-11-11 00:00:00,,,,,,,,,
2027-11-12 00:00:00,,,,,,,,,
2027-11-13 00:00:00,,,,,,,,,
2027-11-14 00:00:00,,,,,,,,,
2027-11-15 00:00:00,,,,,,,,,
2027-11-16 00:00:00,,,,,,,,,
2027-11-17 00:00:00,,,,,,,,,
2027-11-18 00:00:00,,,,,,,,,
2027-11-19 00:00:00,,,,,,,,,
2027-11-20 00:00:00,,,,,,,,,
2027-11-21 00:00:00,,,,,,,,,
2027-11-22 00:00:00,,,,,,,,,
2027-11-23 00:00:00,,,,,,,,,
2027-11-24 00:00:00,,,,,,,,,
2027-11-25 00:00:00,,,,,,,,,
2027-11-26 00:00:00,,,,,,,,,
2027-11-27 00:00:00,,,,,,,,,
2027-11-28 00:00:00,,,,,,,,,
2027-11-29 00:00:00,,,,,,,,,
2027-11-30 00:00:00,,,,,,,,,
2027-12-01 00:00:00,,,,,,,,,
2027-12-02 00:00:00,,,,,,,,,
2027-12-03 00:00:00,,,,,,,,,
2027-12-04 00:00:00,,,,,,,,,
2027-12-05 00:00:00,,,,,,,,,
2027-12-06 00:00:00,,,,,,,,,
2027-12-07 00:00:00,,,,,,,,,
2027-12-08 00:00:00,,,,,,,,,
2027-12-09 00:00:00,,,,,,,,,
2027-12-10 00:00:00,,,,,,,,,
2027-12-11 00:00:00,,,,,,,,,
2027-12-12 00:00:00,,,,,,,,,
2027-12-13 00:00:00,,,,,,,,,
2027-12-14 00:00:00,,,,,,,,,
2027-12-15 00:00:00,,,,,,,,,
2027-12-16 00:00:00,,,,,,,,,
2027-12-17 00:00:00,,,,,,,,,
2027-12-18 00:00:00,,,,,,,,,
2027-12-19 00:00:00,,,,,,,,,
2027-12-20 00:00:00,,,,,,,,,
2027-12-21 00:00:00,,,,,,,,,
2027-12-22 00:00:00,,,,,,,,,
2027-12-23 00:00:00,,,,,,,,,
2027-12-24 00:00:00,,,,,,,,,
2027-12-25 00:00:00,,,,,,,,,
2027-12-26 00:00:00,,,,,,,,,
2027-12-27 00:00:00,,,,,,,,,
2027-12-28 00:00:00,,,,,,,,,
2027-12-29 00:00:00,,,,,,,,,
2027-12-30 00:00:00,,,,,,,,,
2027-12-31 00:00:00,,,,,,,,,
