data,auc_total,captacao_total_diaria,captacao_mensal,receita_diaria,receita_mensal
2025-01-01,352966655.94,452054.79,452054.79,5479.45205479452,4000000.0
2025-01-02,353586790.0899715,904109.58,452054.79,10958.90410958904,4000000.0
2025-01-03,354207219.5419191,1356164.3699999999,452054.79,16438.35616438356,4000000.0
2025-01-04,354827944.43646294,1808219.16,452054.79,21917.80821917808,4000000.0
2025-01-05,355448964.9142899,2260273.9499999997,452054.79,27397.260273972603,4000000.0
2025-01-06,356070281.1161539,2712328.7399999998,452054.79,32876.71232876712,4000000.0
2025-01-07,356691893.18287593,3164383.53,452054.79,38356.16438356164,4000000.0
2025-01-08,357313801.25534403,3616438.32,452054.79,43835.61643835616,4000000.0
2025-01-09,357936005.4745133,4068493.11,452054.79,49315.068493150684,4000000.0
2025-01-10,358558505.981406,4520547.899999999,452054.79,54794.520547945205,4000000.0
2025-01-11,359181302.91711146,4972602.6899999995,452054.79,60273.97260273973,4000000.0
2025-01-12,359804396.4227863,5424657.4799999995,452054.79,65753.42465753424,4000000.0
2025-01-13,360427786.63965434,5876712.27,452054.79,71232.87671232875,4000000.0
2025-01-14,361051473.7090066,6328767.06,452054.79,76712.32876712327,4000000.0
2025-01-15,361675457.7722014,6780821.85,452054.79,82191.78082191778,4000000.0
2025-01-16,362299738.9706644,7232876.64,452054.79,87671.2328767123,4000000.0
2025-01-17,362924317.4458885,7684931.43,452054.79,93150.68493150681,4000000.0
2025-01-18,363549193.3394342,8136986.22,452054.79,98630.13698630132,4000000.0
2025-01-19,364174366.79292923,8589041.01,452054.79,104109.58904109584,4000000.0
2025-01-20,364799837.94806874,9041095.799999999,452054.79,109589.04109589035,4000000.0
2025-01-21,365425606.94661546,9493150.589999998,452054.79,115068.49315068487,4000000.0
2025-01-22,366051673.9303996,9945205.379999997,452054.79,120547.94520547938,4000000.0
2025-01-23,366678039.0413189,10397260.169999996,452054.79,126027.3972602739,4000000.0
2025-01-24,367304702.4213386,10849314.959999995,452054.79,131506.84931506842,4000000.0
2025-01-25,367931664.2124917,11301369.749999994,452054.79,136986.30136986295,4000000.0
2025-01-26,368558924.5568786,11753424.539999994,452054.79,142465.75342465748,4000000.0
2025-01-27,369186483.59666765,12205479.329999993,452054.79,147945.205479452,4000000.0
2025-01-28,369814341.4740947,12657534.119999992,452054.79,153424.65753424654,4000000.0
2025-01-29,370442498.33146334,13109588.90999999,452054.79,158904.10958904107,4000000.0
2025-01-30,371070954.311145,13561643.69999999,452054.79,164383.5616438356,4000000.0
2025-01-31,371699709.55557895,14013698.489999989,452054.79,169863.01369863012,4000000.0
2025-02-01,372328764.2072721,14465753.279999988,452054.79,175342.46575342465,4000000.0
2025-02-02,372958118.4087994,14917808.069999987,452054.79,180821.91780821918,4000000.0
2025-02-03,373587772.30280364,15369862.859999986,452054.79,186301.3698630137,4000000.0
2025-02-04,374217726.0319955,15821917.649999985,452054.79,191780.82191780824,4000000.0
2025-02-05,374847979.7391536,16273972.439999985,452054.79,197260.27397260276,4000000.0
2025-02-06,375478533.56712466,16726027.229999984,452054.79,202739.7260273973,4000000.0
2025-02-07,376109387.6588233,17178082.019999985,452054.79,208219.17808219182,4000000.0
2025-02-08,376740542.1572323,17630136.809999984,452054.79,213698.63013698635,4000000.0
2025-02-09,377371997.20540243,18082191.599999983,452054.79,219178.08219178088,4000000.0
2025-02-10,378003752.9464527,18534246.389999982,452054.79,224657.5342465754,4000000.0
2025-02-11,378635809.52357006,18986301.17999998,452054.79,230136.98630136994,4000000.0
2025-02-12,379268167.0800099,19438355.96999998,452054.79,235616.43835616446,4000000.0
2025-02-13,379900825.7590956,19890410.75999998,452054.79,241095.890410959,4000000.0
2025-02-14,380533785.70421904,20342465.54999998,452054.79,246575.34246575352,4000000.0
2025-02-15,381167047.05884016,20794520.339999977,452054.79,252054.79452054805,4000000.0
2025-02-16,381800609.9664873,21246575.129999977,452054.79,257534.24657534258,4000000.0
2025-02-17,382434474.5707571,21698629.919999976,452054.79,263013.6986301371,4000000.0
2025-02-18,383068641.01531464,22150684.709999975,452054.79,268493.1506849316,4000000.0
2025-02-19,383703109.4438934,22602739.499999974,452054.79,273972.60273972614,4000000.0
2025-02-20,384337880.0002953,23054794.289999973,452054.79,279452.05479452066,4000000.0
2025-02-21,384972952.8283907,23506849.079999972,452054.79,284931.5068493152,4000000.0
2025-02-22,385608328.0721186,23958903.86999997,452054.79,290410.9589041097,4000000.0
2025-02-23,386244005.8754863,24410958.65999997,452054.79,295890.41095890425,4000000.0
2025-02-24,386879986.3825699,24863013.44999997,452054.79,301369.8630136988,4000000.0
2025-02-25,387516269.737514,25315068.23999997,452054.79,306849.3150684933,4000000.0
2025-02-26,388152856.0845319,25767123.029999968,452054.79,312328.76712328783,4000000.0
2025-02-27,388789745.56790555,26219177.819999967,452054.79,317808.21917808236,4000000.0
2025-02-28,389426938.33198553,26671232.609999966,452054.79,323287.6712328769,4000000.0
2025-03-01,390064434.5211913,27123287.399999965,452054.79,328767.1232876714,4000000.0
2025-03-02,390702234.28001094,27575342.189999964,452054.79,334246.57534246595,4000000.0
2025-03-03,391340337.75300145,28027396.979999963,452054.79,339726.0273972605,4000000.0
2025-03-04,391978745.0847886,28479451.769999962,452054.79,345205.479452055,4000000.0
2025-03-05,392617456.42006713,28931506.55999996,452054.79,350684.93150684953,4000000.0
2025-03-06,393256471.9036005,29383561.34999996,452054.79,356164.38356164406,4000000.0
2025-03-07,393895791.6802213,29835616.13999996,452054.79,361643.8356164386,4000000.0
2025-03-08,394535415.894831,30287670.92999996,452054.79,367123.2876712331,4000000.0
2025-03-09,395175344.6924,30739725.719999958,452054.79,372602.73972602765,4000000.0
2025-03-10,395815578.2179678,31191780.509999957,452054.79,378082.1917808222,4000000.0
2025-03-11,396456116.6166431,31643835.299999956,452054.79,383561.6438356167,4000000.0
2025-03-12,397096960.0336034,32095890.089999955,452054.79,389041.09589041123,4000000.0
2025-03-13,397738108.6140957,32547944.879999954,452054.79,394520.54794520576,4000000.0
2025-03-14,398379562.5034358,32999999.669999953,452054.79,400000.0000000003,4000000.0
2025-03-15,399021321.8470089,33452054.459999952,452054.79,405479.4520547948,4000000.0
2025-03-16,399663386.7902694,33904109.249999955,452054.79,410958.90410958935,4000000.0
2025-03-17,400305757.478741,34356164.039999954,452054.79,416438.3561643839,4000000.0
2025-03-18,400948434.0580166,34808218.82999995,452054.79,421917.8082191784,4000000.0
2025-03-19,401591416.67375857,35260273.61999995,452054.79,427397.26027397293,4000000.0
2025-03-20,402234705.47169846,35712328.40999995,452054.79,432876.71232876746,4000000.0
2025-03-21,402878300.5976374,36164383.19999995,452054.79,438356.164383562,4000000.0
2025-03-22,403522202.19744587,36616437.98999995,452054.79,443835.6164383565,4000000.0
2025-03-23,404166410.4170637,37068492.77999995,452054.79,449315.06849315105,4000000.0
2025-03-24,404810925.40250045,37520547.56999995,452054.79,454794.5205479456,4000000.0
2025-03-25,405455747.299835,37972602.35999995,452054.79,460273.9726027401,4000000.0
2025-03-26,406100876.25521594,38424657.14999995,452054.79,465753.42465753463,4000000.0
2025-03-27,406746312.4148613,38876711.939999945,452054.79,471232.87671232916,4000000.0
2025-03-28,407392055.9250589,39328766.729999945,452054.79,476712.3287671237,4000000.0
2025-03-29,408038106.9321661,39780821.51999994,452054.79,482191.7808219182,4000000.0
2025-03-30,408684465.58261,40232876.30999994,452054.79,487671.23287671275,4000000.0
2025-03-31,409331132.02288747,40684931.09999994,452054.79,493150.6849315073,4000000.0
2025-04-01,409978106.3995651,41136985.88999994,452054.79,498630.1369863018,4000000.0
2025-04-02,410625388.8592792,41589040.67999994,452054.79,504109.58904109633,4000000.0
2025-04-03,411272979.54873604,42041095.46999994,452054.79,509589.04109589086,4000000.0
2025-04-04,411920878.61471164,42493150.25999994,452054.79,515068.4931506854,4000000.0
2025-04-05,412569086.20405203,42945205.04999994,452054.79,520547.9452054799,4000000.0
2025-04-06,413217602.46367306,43397259.83999994,452054.79,526027.3972602744,4000000.0
2025-04-07,413866427.54056054,43849314.629999936,452054.79,531506.8493150689,4000000.0
2025-04-08,414515561.58177036,44301369.419999935,452054.79,536986.3013698634,4000000.0
2025-04-09,415165004.7344284,44753424.209999934,452054.79,542465.753424658,4000000.0
2025-04-10,415814757.14573056,45205478.99999993,452054.79,547945.2054794525,4000000.0
2025-04-11,416464818.96294284,45657533.78999993,452054.79,553424.657534247,4000000.0
2025-04-12,417115190.33340144,46109588.57999993,452054.79,558904.1095890416,4000000.0
2025-04-13,417765871.40451264,46561643.36999993,452054.79,564383.5616438361,4000000.0
2025-04-14,418416862.32375294,47013698.15999993,452054.79,569863.0136986306,4000000.0
2025-04-15,419068163.23866904,47465752.94999993,452054.79,575342.4657534251,4000000.0
2025-04-16,419719774.296878,47917807.73999993,452054.79,580821.9178082197,4000000.0
2025-04-17,420371695.646067,48369862.52999993,452054.79,586301.3698630142,4000000.0
2025-04-18,421023927.43399376,48821917.319999926,452054.79,591780.8219178087,4000000.0
2025-04-19,421676469.80848616,49273972.109999925,452054.79,597260.2739726033,4000000.0
2025-04-20,422329322.9174426,49726026.899999924,452054.79,602739.7260273978,4000000.0
2025-04-21,422982486.9088319,50178081.68999992,452054.79,608219.1780821923,4000000.0
2025-04-22,423635961.93069327,50630136.47999992,452054.79,613698.6301369868,4000000.0
2025-04-23,424289748.1311365,51082191.26999992,452054.79,619178.0821917814,4000000.0
2025-04-24,424943845.6583418,51534246.05999992,452054.79,624657.5342465759,4000000.0
2025-04-25,425598254.66056013,51986300.84999992,452054.79,630136.9863013704,4000000.0
2025-04-26,426252975.28611284,52438355.63999992,452054.79,635616.438356165,4000000.0
2025-04-27,426908007.683392,52890410.42999992,452054.79,641095.8904109595,4000000.0
2025-04-28,427563352.00086033,53342465.21999992,452054.79,646575.342465754,4000000.0
2025-04-29,428219008.3870513,53794520.009999916,452054.79,652054.7945205485,4000000.0
2025-04-30,428874976.990569,54246574.799999915,452054.79,657534.2465753431,4000000.0
2025-05-01,429531257.9600884,54698629.589999914,452054.79,663013.6986301376,4000000.0
2025-05-02,430187851.44435513,55150684.37999991,452054.79,668493.1506849321,4000000.0
2025-05-03,430844757.5921858,55602739.16999991,452054.79,673972.6027397267,4000000.0
2025-05-04,431501976.5524678,56054793.95999991,452054.79,679452.0547945212,4000000.0
2025-05-05,432159508.47415954,56506848.74999991,452054.79,684931.5068493157,4000000.0
2025-05-06,432817353.50629014,56958903.53999991,452054.79,690410.9589041102,4000000.0
2025-05-07,433475511.79795986,57410958.32999991,452054.79,695890.4109589048,4000000.0
2025-05-08,434133983.4983399,57863013.11999991,452054.79,701369.8630136993,4000000.0
2025-05-09,434792768.7566725,58315067.90999991,452054.79,706849.3150684938,4000000.0
2025-05-10,435451867.72227097,58767122.699999906,452054.79,712328.7671232884,4000000.0
2025-05-11,436111280.5445197,59219177.489999905,452054.79,717808.2191780829,4000000.0
2025-05-12,436771007.3728743,59671232.279999904,452054.79,723287.6712328774,4000000.0
2025-05-13,437431048.3568615,60123287.0699999,452054.79,728767.123287672,4000000.0
2025-05-14,438091403.64607906,60575341.8599999,452054.79,734246.5753424665,4000000.0
2025-05-15,438752073.39019626,61027396.6499999,452054.79,739726.027397261,4000000.0
2025-05-16,439413057.73895353,61479451.4399999,452054.79,745205.4794520555,4000000.0
2025-05-17,440074356.8421626,61931506.2299999,452054.79,750684.9315068501,4000000.0
2025-05-18,440735970.84970653,62383561.0199999,452054.79,756164.3835616446,4000000.0
2025-05-19,441397899.9115398,62835615.8099999,452054.79,761643.8356164391,4000000.0
2025-05-20,442060144.1776882,63287670.5999999,452054.79,767123.2876712336,4000000.0
2025-05-21,442722703.798249,63739725.3899999,452054.79,772602.7397260282,4000000.0
2025-05-22,443385578.92339104,64191780.179999895,452054.79,778082.1917808227,4000000.0
2025-05-23,444048769.7033546,64643834.969999894,452054.79,783561.6438356172,4000000.0
2025-05-24,444712276.2884515,65095889.75999989,452054.79,789041.0958904118,4000000.0
2025-05-25,445376098.8290651,65547944.54999989,452054.79,794520.5479452063,4000000.0
2025-05-26,446040237.47565037,65999999.33999989,452054.79,800000.0000000008,4000000.0
2025-05-27,446704692.37873405,66452054.12999989,452054.79,805479.4520547953,4000000.0
2025-05-28,447369463.6889144,66904108.91999989,452054.79,810958.9041095899,4000000.0
2025-05-29,448034551.5568616,67356163.70999989,452054.79,816438.3561643844,4000000.0
2025-05-30,448699956.1333173,67808218.4999999,452054.79,821917.8082191789,4000000.0
2025-05-31,449365677.5690951,68260273.2899999,452054.79,827397.2602739735,4000000.0
2025-06-01,450031716.0150804,68712328.07999991,452054.79,832876.712328768,4000000.0
2025-06-02,450698071.62223047,69164382.86999992,452054.79,838356.1643835625,4000000.0
2025-06-03,451364744.5415744,69616437.65999992,452054.79,843835.616438357,4000000.0
2025-06-04,452031734.9242133,70068492.44999993,452054.79,849315.0684931516,4000000.0
2025-06-05,452699042.9213201,70520547.23999994,452054.79,854794.5205479461,4000000.0
2025-06-06,453366668.6841398,70972602.02999994,452054.79,860273.9726027406,4000000.0
2025-06-07,454034612.3639894,71424656.81999995,452054.79,865753.4246575352,4000000.0
2025-06-08,454702874.112258,71876711.60999995,452054.79,871232.8767123297,4000000.0
2025-06-09,455371454.0804067,72328766.39999996,452054.79,876712.3287671242,4000000.0
2025-06-10,456040352.41996884,72780821.18999997,452054.79,882191.7808219187,4000000.0
2025-06-11,456709569.2825498,73232875.97999997,452054.79,887671.2328767133,4000000.0
2025-06-12,457379104.81982726,73684930.76999998,452054.79,893150.6849315078,4000000.0
2025-06-13,458048959.183551,74136985.55999999,452054.79,898630.1369863023,4000000.0
2025-06-14,458719132.5255432,74589040.35,452054.79,904109.5890410969,4000000.0
2025-06-15,459389624.99769825,75041095.14,452054.79,909589.0410958914,4000000.0
2025-06-16,460060436.7519829,75493149.93,452054.79,915068.4931506859,4000000.0
2025-06-17,460731567.9404363,75945204.72000001,452054.79,920547.9452054804,4000000.0
2025-06-18,461403018.7151699,76397259.51000002,452054.79,926027.397260275,4000000.0
2025-06-19,462074789.2283676,76849314.30000003,452054.79,931506.8493150695,4000000.0
2025-06-20,462746879.63228595,77301369.09000003,452054.79,936986.301369864,4000000.0
2025-06-21,463419290.07925373,77753423.88000004,452054.79,942465.7534246586,4000000.0
2025-06-22,464092020.7216725,78205478.67000005,452054.79,947945.2054794531,4000000.0
2025-06-23,464765071.71201617,78657533.46000005,452054.79,953424.6575342476,4000000.0
2025-06-24,465438443.20283145,79109588.25000006,452054.79,958904.1095890421,4000000.0
2025-06-25,466112135.3467376,79561643.04000007,452054.79,964383.5616438367,4000000.0
2025-06-26,466786148.2964266,80013697.83000007,452054.79,969863.0136986312,4000000.0
2025-06-27,467460482.20466304,80465752.62000008,452054.79,975342.4657534257,4000000.0
2025-06-28,468135137.22428435,80917807.41000009,452054.79,980821.9178082203,4000000.0
2025-06-29,468810113.5082007,81369862.20000009,452054.79,986301.3698630148,4000000.0
2025-06-30,469485411.2093951,81821916.9900001,452054.79,991780.8219178093,4000000.0
2025-07-01,470161030.4809234,82273971.7800001,452054.79,997260.2739726038,4000000.0
2025-07-02,470836971.47591436,82726026.57000011,452054.79,1002739.7260273984,4000000.0
2025-07-03,471513234.3475696,83178081.36000012,452054.79,1008219.1780821929,4000000.0
2025-07-04,472189819.2491637,83630136.15000013,452054.79,1013698.6301369874,4000000.0
2025-07-05,472866726.3340443,84082190.94000013,452054.79,1019178.082191782,4000000.0
2025-07-06,473543955.755632,84534245.73000014,452054.79,1024657.5342465765,4000000.0
2025-07-07,474221507.66742045,84986300.52000014,452054.79,1030136.986301371,4000000.0
2025-07-08,474899382.2229764,85438355.31000015,452054.79,1035616.4383561655,4000000.0
2025-07-09,475577579.5759398,85890410.10000016,452054.79,1041095.8904109601,4000000.0
2025-07-10,476256099.8800236,86342464.89000016,452054.79,1046575.3424657546,4000000.0
2025-07-11,476934943.2890141,86794519.68000017,452054.79,1052054.794520549,4000000.0
2025-07-12,477614109.95677084,87246574.47000018,452054.79,1057534.2465753434,4000000.0
2025-07-13,478293600.0372265,87698629.26000018,452054.79,1063013.6986301378,4000000.0
2025-07-14,478973413.68438715,88150684.05000019,452054.79,1068493.1506849322,4000000.0
2025-07-15,479653551.05233216,88602738.8400002,452054.79,1073972.6027397267,4000000.0
2025-07-16,480334012.2952143,89054793.6300002,452054.79,1079452.054794521,4000000.0
2025-07-17,481014797.56725967,89506848.42000021,452054.79,1084931.5068493155,4000000.0
2025-07-18,481695907.0227679,89958903.21000022,452054.79,1090410.95890411,4000000.0
2025-07-19,482377340.8161121,90410958.00000022,452054.79,1095890.4109589043,4000000.0
2025-07-20,483059099.10173887,90863012.79000023,452054.79,1101369.8630136987,4000000.0
2025-07-21,483741182.0341683,91315067.58000024,452054.79,1106849.3150684931,4000000.0
2025-07-22,484423589.76799417,91767122.37000024,452054.79,1112328.7671232875,4000000.0
2025-07-23,485106322.4578837,92219177.16000025,452054.79,1117808.219178082,4000000.0
2025-07-24,485789380.258578,92671231.95000026,452054.79,1123287.6712328764,4000000.0
2025-07-25,486472763.3248916,93123286.74000026,452054.79,1128767.1232876708,4000000.0
2025-07-26,487156471.81171304,93575341.53000027,452054.79,1134246.5753424652,4000000.0
2025-07-27,487840505.87400436,94027396.32000028,452054.79,1139726.0273972596,4000000.0
2025-07-28,488524865.6668016,94479451.11000028,452054.79,1145205.479452054,4000000.0
2025-07-29,489209551.34521437,94931505.90000029,452054.79,1150684.9315068484,4000000.0
2025-07-30,489894563.0644264,95383560.6900003,452054.79,1156164.3835616428,4000000.0
2025-07-31,490579900.97969526,95835615.4800003,452054.79,1161643.8356164373,4000000.0
2025-08-01,491265565.2463523,96287670.27000031,452054.79,1167123.2876712317,4000000.0
2025-08-02,491951556.019803,96739725.06000032,452054.79,1172602.739726026,4000000.0
2025-08-03,492637873.45552677,97191779.85000032,452054.79,1178082.1917808205,4000000.0
2025-08-04,493324517.70907706,97643834.64000033,452054.79,1183561.643835615,4000000.0
2025-08-05,494011488.9360814,98095889.43000033,452054.79,1189041.0958904093,4000000.0
2025-08-06,494698787.2922415,98547944.22000034,452054.79,1194520.5479452037,4000000.0
2025-08-07,495386412.9333331,98999999.01000035,452054.79,1199999.9999999981,4000000.0
2025-08-08,496074366.01520616,99452053.80000035,452054.79,1205479.4520547925,4000000.0
2025-08-09,496762646.6937849,99904108.59000036,452054.79,1210958.904109587,4000000.0
2025-08-10,497451255.1250677,100356163.38000037,452054.79,1216438.3561643814,4000000.0
2025-08-11,498140191.4651273,100808218.17000037,452054.79,1221917.8082191758,4000000.0
2025-08-12,498829455.87011075,101260272.96000038,452054.79,1227397.2602739702,4000000.0
2025-08-13,499519048.4962394,101712327.75000039,452054.79,1232876.7123287646,4000000.0
2025-08-14,500208969.4998091,102164382.5400004,452054.79,1238356.164383559,4000000.0
2025-08-15,500899219.03719,102616437.3300004,452054.79,1243835.6164383534,4000000.0
2025-08-16,501589797.26482683,103068492.1200004,452054.79,1249315.0684931478,4000000.0
2025-08-17,502280704.3392387,103520546.91000041,452054.79,1254794.5205479423,4000000.0
2025-08-18,502971940.4170193,103972601.70000042,452054.79,1260273.9726027367,4000000.0
2025-08-19,503663505.65483695,104424656.49000043,452054.79,1265753.424657531,4000000.0
2025-08-20,504355400.2094345,104876711.28000043,452054.79,1271232.8767123255,4000000.0
2025-08-21,505047624.23762953,105328766.07000044,452054.79,1276712.32876712,4000000.0
2025-08-22,505740177.89631414,105780820.86000045,452054.79,1282191.7808219143,4000000.0
2025-08-23,506433061.34245527,106232875.65000045,452054.79,1287671.2328767087,4000000.0
2025-08-24,507126274.7330946,106684930.44000046,452054.79,1293150.6849315031,4000000.0
2025-08-25,507819818.2253485,107136985.23000047,452054.79,1298630.1369862976,4000000.0
2025-08-26,508513691.9764082,107589040.02000047,452054.79,1304109.589041092,4000000.0
2025-08-27,509207896.14353985,108041094.81000048,452054.79,1309589.0410958864,4000000.0
2025-08-28,509902430.8840844,108493149.60000049,452054.79,1315068.4931506808,4000000.0
2025-08-29,510597296.35545784,108945204.39000049,452054.79,1320547.9452054752,4000000.0
2025-08-30,511292492.71515095,109397259.1800005,452054.79,1326027.3972602696,4000000.0
2025-08-31,511988020.1207296,109849313.9700005,452054.79,1331506.849315064,4000000.0
2025-09-01,512683878.7298348,110301368.76000051,452054.79,1336986.3013698584,4000000.0
2025-09-02,513380068.7001824,110753423.55000052,452054.79,1342465.7534246529,4000000.0
2025-09-03,514076590.18956345,111205478.34000053,452054.79,1347945.2054794473,4000000.0
2025-09-04,514773443.35584426,111657533.13000053,452054.79,1353424.6575342417,4000000.0
2025-09-05,515470628.35696614,112109587.92000054,452054.79,1358904.109589036,4000000.0
2025-09-06,516168145.3509457,112561642.71000054,452054.79,1364383.5616438305,4000000.0
2025-09-07,516865994.49587476,113013697.50000055,452054.79,1369863.013698625,4000000.0
2025-09-08,517564175.9499205,113465752.29000056,452054.79,1375342.4657534193,4000000.0
2025-09-09,518262689.87132525,113917807.08000056,452054.79,1380821.9178082137,4000000.0
2025-09-10,518961536.4184069,114369861.87000057,452054.79,1386301.3698630081,4000000.0
2025-09-11,519660715.74955857,114821916.66000058,452054.79,1391780.8219178026,4000000.0
2025-09-12,520360228.02324885,115273971.45000058,452054.79,1397260.273972597,4000000.0
2025-09-13,521060073.3980219,115726026.24000059,452054.79,1402739.7260273914,4000000.0
2025-09-14,521760252.03249717,116178081.0300006,452054.79,1408219.1780821858,4000000.0
2025-09-15,522460764.0853698,116630135.8200006,452054.79,1413698.6301369802,4000000.0
2025-09-16,523161609.71541053,117082190.61000061,452054.79,1419178.0821917746,4000000.0
2025-09-17,523862789.08146554,117534245.40000062,452054.79,1424657.534246569,4000000.0
2025-09-18,524564302.34245676,117986300.19000062,452054.79,1430136.9863013634,4000000.0
2025-09-19,525266149.6573818,118438354.98000063,452054.79,1435616.4383561579,4000000.0
2025-09-20,525968331.1853139,118890409.77000064,452054.79,1441095.8904109523,4000000.0
2025-09-21,526670847.0854022,119342464.56000064,452054.79,1446575.3424657467,4000000.0
2025-09-22,527373697.51687145,119794519.35000065,452054.79,1452054.794520541,4000000.0
2025-09-23,528076882.6390224,120246574.14000066,452054.79,1457534.2465753355,4000000.0
2025-09-24,528780402.6112315,120698628.93000066,452054.79,1463013.69863013,4000000.0
2025-09-25,529484257.5929512,121150683.72000067,452054.79,1468493.1506849243,4000000.0
2025-09-26,530188447.74370974,121602738.51000068,452054.79,1473972.6027397187,4000000.0
2025-09-27,530892973.22311157,122054793.30000068,452054.79,1479452.0547945132,4000000.0
2025-09-28,531597834.1908369,122506848.09000069,452054.79,1484931.5068493076,4000000.0
2025-09-29,532303030.8066421,122958902.8800007,452054.79,1490410.958904102,4000000.0
2025-09-30,533008563.2303596,123410957.6700007,452054.79,1495890.4109588964,4000000.0
2025-10-01,533714431.62189794,123863012.46000071,452054.79,1501369.8630136908,4000000.0
2025-10-02,534420636.1412417,124315067.25000072,452054.79,1506849.3150684852,4000000.0
2025-10-03,535127176.9484519,124767122.04000072,452054.79,1512328.7671232796,4000000.0
2025-10-04,535834054.2036655,125219176.83000073,452054.79,1517808.219178074,4000000.0
2025-10-05,536541268.0670959,125671231.62000073,452054.79,1523287.6712328685,4000000.0
2025-10-06,537248818.6990325,126123286.41000074,452054.79,1528767.1232876629,4000000.0
2025-10-07,537956706.2598416,126575341.20000075,452054.79,1534246.5753424573,4000000.0
2025-10-08,538664930.9099653,127027395.99000075,452054.79,1539726.0273972517,4000000.0
2025-10-09,539373492.8099223,127479450.78000076,452054.79,1545205.479452046,4000000.0
2025-10-10,540082392.120308,127931505.57000077,452054.79,1550684.9315068405,4000000.0
2025-10-11,540791629.0017939,128383560.36000077,452054.79,1556164.383561635,4000000.0
2025-10-12,541501203.615128,128835615.15000078,452054.79,1561643.8356164293,4000000.0
2025-10-13,542211116.1211352,129287669.94000079,452054.79,1567123.2876712237,4000000.0
2025-10-14,542921366.6807168,129739724.7300008,452054.79,1572602.7397260182,4000000.0
2025-10-15,543631955.4548504,130191779.5200008,452054.79,1578082.1917808126,4000000.0
2025-10-16,544342882.6045908,130643834.3100008,452054.79,1583561.643835607,4000000.0
2025-10-17,545054148.2910691,131095889.10000081,452054.79,1589041.0958904014,4000000.0
2025-10-18,545765752.6754935,131547943.89000082,452054.79,1594520.5479451958,4000000.0
2025-10-19,546477695.9191484,131999998.68000083,452054.79,1599999.9999999902,4000000.0
2025-10-20,547189978.1833956,132452053.47000083,452054.79,1605479.4520547846,4000000.0
2025-10-21,547902599.6296734,132904108.26000084,452054.79,1610958.904109579,4000000.0
2025-10-22,548615560.419497,133356163.05000085,452054.79,1616438.3561643735,4000000.0
2025-10-23,549328860.7144587,133808217.84000085,452054.79,1621917.8082191679,4000000.0
2025-10-24,550042500.6762275,134260272.63000086,452054.79,1627397.2602739623,4000000.0
2025-10-25,550756480.4665494,134712327.42000085,452054.79,1632876.7123287567,4000000.0
2025-10-26,551470800.2472477,135164382.21000084,452054.79,1638356.164383551,4000000.0
2025-10-27,552185460.1802225,135616437.00000083,452054.79,1643835.6164383455,4000000.0
2025-10-28,552900460.4274511,136068491.79000083,452054.79,1649315.06849314,4000000.0
2025-10-29,553615801.150988,136520546.58000082,452054.79,1654794.5205479343,4000000.0
2025-10-30,554331482.5129646,136972601.3700008,452054.79,1660273.9726027288,4000000.0
2025-10-31,555047504.6755898,137424656.1600008,452054.79,1665753.4246575232,4000000.0
2025-11-01,555763867.8011496,137876710.9500008,452054.79,1671232.8767123176,4000000.0
2025-11-02,556480572.0520073,138328765.74000078,452054.79,1676712.328767112,4000000.0
2025-11-03,557197617.5906035,138780820.53000078,452054.79,1682191.7808219064,4000000.0
2025-11-04,557915004.5794561,139232875.32000077,452054.79,1687671.2328767008,4000000.0
2025-11-05,558632733.1811606,139684930.11000076,452054.79,1693150.6849314952,4000000.0
2025-11-06,559350803.5583897,140136984.90000075,452054.79,1698630.1369862896,4000000.0
2025-11-07,560069215.8738936,140589039.69000074,452054.79,1704109.589041084,4000000.0
2025-11-08,560787970.2905002,141041094.48000073,452054.79,1709589.0410958785,4000000.0
2025-11-09,561507066.9711146,141493149.27000073,452054.79,1715068.4931506729,4000000.0
2025-11-10,562226506.07872,141945204.06000072,452054.79,1720547.9452054673,4000000.0
2025-11-11,562946287.7763765,142397258.8500007,452054.79,1726027.3972602617,4000000.0
2025-11-12,563666412.2272223,142849313.6400007,452054.79,1731506.849315056,4000000.0
2025-11-13,564386879.5944734,143301368.4300007,452054.79,1736986.3013698505,4000000.0
2025-11-14,565107690.0414231,143753423.22000068,452054.79,1742465.753424645,4000000.0
2025-11-15,565828843.7314428,144205478.01000068,452054.79,1747945.2054794393,4000000.0
2025-11-16,566550340.8279816,144657532.80000067,452054.79,1753424.6575342338,4000000.0
2025-11-17,567272181.4945663,145109587.59000066,452054.79,1758904.1095890282,4000000.0
2025-11-18,567994365.8948019,145561642.38000065,452054.79,1764383.5616438226,4000000.0
2025-11-19,568716894.1923708,146013697.17000064,452054.79,1769863.013698617,4000000.0
2025-11-20,569439766.5510337,146465751.96000063,452054.79,1775342.4657534114,4000000.0
2025-11-21,570162983.1346295,146917806.75000063,452054.79,1780821.9178082058,4000000.0
2025-11-22,570886544.1070745,147369861.54000062,452054.79,1786301.3698630002,4000000.0
2025-11-23,571610449.6323636,147821916.3300006,452054.79,1791780.8219177946,4000000.0
2025-11-24,572334699.8745694,148273971.1200006,452054.79,1797260.273972589,4000000.0
2025-11-25,573059294.997843,148726025.9100006,452054.79,1802739.7260273835,4000000.0
2025-11-26,573784235.1664134,149178080.70000058,452054.79,1808219.1780821779,4000000.0
2025-11-27,574509520.5445879,149630135.49000058,452054.79,1813698.6301369723,4000000.0
2025-11-28,575235151.296752,150082190.28000057,452054.79,1819178.0821917667,4000000.0
2025-11-29,575961127.5873694,150534245.07000056,452054.79,1824657.5342465611,4000000.0
2025-11-30,576687449.5809824,150986299.86000055,452054.79,1830136.9863013555,4000000.0
2025-12-01,577414117.4422115,151438354.65000054,452054.79,1835616.43835615,4000000.0
2025-12-02,578141131.3357553,151890409.44000053,452054.79,1841095.8904109444,4000000.0
2025-12-03,578868491.4263914,152342464.23000053,452054.79,1846575.3424657388,4000000.0
2025-12-04,579596197.8789754,152794519.02000052,452054.79,1852054.7945205332,4000000.0
2025-12-05,580324250.8584416,153246573.8100005,452054.79,1857534.2465753276,4000000.0
2025-12-06,581052650.5298028,153698628.6000005,452054.79,1863013.698630122,4000000.0
2025-12-07,581781397.0581503,154150683.3900005,452054.79,1868493.1506849164,4000000.0
2025-12-08,582510490.6086541,154602738.18000048,452054.79,1873972.6027397108,4000000.0
2025-12-09,583239931.346563,155054792.97000048,452054.79,1879452.0547945052,4000000.0
2025-12-10,583969719.4372042,155506847.76000047,452054.79,1884931.5068492997,4000000.0
2025-12-11,584699855.0459838,155958902.55000046,452054.79,1890410.958904094,4000000.0
2025-12-12,585430338.3383867,156410957.34000045,452054.79,1895890.4109588885,4000000.0
2025-12-13,586161169.4799763,156863012.13000044,452054.79,1901369.863013683,4000000.0
2025-12-14,586892348.6363953,157315066.92000043,452054.79,1906849.3150684773,4000000.0
2025-12-15,587623875.9733651,157767121.71000043,452054.79,1912328.7671232717,4000000.0
2025-12-16,588355751.6566857,158219176.50000042,452054.79,1917808.2191780661,4000000.0
2025-12-17,589087975.8522365,158671231.2900004,452054.79,1923287.6712328605,4000000.0
2025-12-18,589820548.7259756,159123286.0800004,452054.79,1928767.123287655,4000000.0
2025-12-19,590553470.4439404,159575340.8700004,452054.79,1934246.5753424494,4000000.0
2025-12-20,591286741.172247,160027395.66000038,452054.79,1939726.0273972438,4000000.0
2025-12-21,592020361.077091,160479450.45000038,452054.79,1945205.4794520382,4000000.0
2025-12-22,592754330.3247467,160931505.24000037,452054.79,1950684.9315068326,4000000.0
2025-12-23,593488649.081568,161383560.03000036,452054.79,1956164.383561627,4000000.0
2025-12-24,594223317.5139878,161835614.82000035,452054.79,1961643.8356164214,4000000.0
2025-12-25,594958335.7885182,162287669.61000034,452054.79,1967123.2876712158,4000000.0
2025-12-26,595693704.0717508,162739724.40000033,452054.79,1972602.7397260102,4000000.0
2025-12-27,596429422.5303563,163191779.19000033,452054.79,1978082.1917808047,4000000.0
2025-12-28,597165491.331085,163643833.98000032,452054.79,1983561.643835599,4000000.0
2025-12-29,597901910.6407664,164095888.7700003,452054.79,1989041.0958903935,4000000.0
2025-12-30,598638680.6263096,164547943.5600003,452054.79,1994520.547945188,4000000.0
2025-12-31,599375801.4547031,164999998.3500003,452054.79,1999999.9999999823,4000000.0
2026-01-01,600113273.2930149,165452053.14000028,452054.79,2005479.4520547767,4000000.0
2026-01-02,600851096.3083925,165904107.93000028,452054.79,2010958.9041095711,4000000.0
2026-01-03,601589270.6680632,166356162.72000027,452054.79,2016438.3561643655,4000000.0
2026-01-04,602327796.5393337,166808217.51000026,452054.79,2021917.80821916,4000000.0
2026-01-05,603066674.0895905,167260272.30000025,452054.79,2027397.2602739544,4000000.0
2026-01-06,603805903.4862999,167712327.09000024,452054.79,2032876.7123287488,4000000.0
2026-01-07,604545484.8970076,168164381.88000023,452054.79,2038356.1643835432,4000000.0
2026-01-08,605285418.4893395,168616436.67000023,452054.79,2043835.6164383376,4000000.0
2026-01-09,606025704.4310011,169068491.46000022,452054.79,2049315.068493132,4000000.0
2026-01-10,606766342.8897778,169520546.2500002,452054.79,2054794.5205479264,4000000.0
2026-01-11,607507334.0335348,169972601.0400002,452054.79,2060273.9726027208,4000000.0
2026-01-12,608248678.0302174,170424655.8300002,452054.79,2065753.4246575153,4000000.0
2026-01-13,608990375.0478508,170876710.62000018,452054.79,2071232.8767123097,4000000.0
2026-01-14,609732425.2545403,171328765.41000018,452054.79,2076712.328767104,4000000.0
2026-01-15,610474828.8184711,171780820.20000017,452054.79,2082191.7808218985,4000000.0
2026-01-16,611217585.9079084,172232874.99000016,452054.79,2087671.232876693,4000000.0
2026-01-17,611960696.6911979,172684929.78000015,452054.79,2093150.6849314873,4000000.0
2026-01-18,612704161.336765,173136984.57000014,452054.79,2098630.1369862817,4000000.0
2026-01-19,613447980.0131159,173589039.36000013,452054.79,2104109.589041076,4000000.0
2026-01-20,614192152.8888364,174041094.15000013,452054.79,2109589.0410958705,4000000.0
2026-01-21,614936680.1325929,174493148.94000012,452054.79,2115068.493150665,4000000.0
2026-01-22,615681561.9131322,174945203.7300001,452054.79,2120547.9452054594,4000000.0
2026-01-23,616426798.3992813,175397258.5200001,452054.79,2126027.397260254,4000000.0
2026-01-24,617172389.7599475,175849313.3100001,452054.79,2131506.849315048,4000000.0
2026-01-25,617918336.1641189,176301368.10000008,452054.79,2136986.3013698426,4000000.0
2026-01-26,618664637.7808636,176753422.89000008,452054.79,2142465.753424637,4000000.0
2026-01-27,619411294.7793307,177205477.68000007,452054.79,2147945.2054794314,4000000.0
2026-01-28,620158307.3287494,177657532.47000006,452054.79,2153424.657534226,4000000.0
2026-01-29,620905675.5984298,178109587.26000005,452054.79,2158904.1095890203,4000000.0
2026-01-30,621653399.7577624,178561642.05000004,452054.79,2164383.5616438147,4000000.0
2026-01-31,622401479.9762185,179013696.84000003,452054.79,2169863.013698609,4000000.0
2026-02-01,623149916.42335,179465751.63000003,452054.79,2175342.4657534035,4000000.0
2026-02-02,623898709.2687896,179917806.42000002,452054.79,2180821.917808198,4000000.0
2026-02-03,624647858.682251,180369861.21,452054.79,2186301.3698629923,4000000.0
2026-02-04,625397364.8335283,180821916.0,452054.79,2191780.8219177867,4000000.0
2026-02-05,626147227.8924966,181273970.79,452054.79,2197260.273972581,4000000.0
2026-02-06,626897448.0291121,181726025.57999998,452054.79,2202739.7260273756,4000000.0
2026-02-07,627648025.4134116,182178080.36999997,452054.79,2208219.17808217,4000000.0
2026-02-08,628398960.2155132,182630135.15999997,452054.79,2213698.6301369644,4000000.0
2026-02-09,629150252.6056159,183082189.94999996,452054.79,2219178.082191759,4000000.0
2026-02-10,629901902.7539995,183534244.73999995,452054.79,2224657.534246553,4000000.0
2026-02-11,630653910.8310251,183986299.52999994,452054.79,2230136.9863013476,4000000.0
2026-02-12,631406277.0071352,184438354.31999993,452054.79,2235616.438356142,4000000.0
2026-02-13,632159001.4528528,184890409.10999992,452054.79,2241095.8904109364,4000000.0
2026-02-14,632912084.3387828,185342463.89999992,452054.79,2246575.342465731,4000000.0
2026-02-15,633665525.8356107,185794518.6899999,452054.79,2252054.7945205253,4000000.0
2026-02-16,634419326.1141039,186246573.4799999,452054.79,2257534.2465753197,4000000.0
2026-02-17,635173485.3451107,186698628.2699999,452054.79,2263013.698630114,4000000.0
2026-02-18,635928003.6995606,187150683.05999988,452054.79,2268493.1506849085,4000000.0
2026-02-19,636682881.3484652,187602737.84999987,452054.79,2273972.602739703,4000000.0
2026-02-20,637438118.4629169,188054792.63999987,452054.79,2279452.0547944973,4000000.0
2026-02-21,638193715.2140896,188506847.42999986,452054.79,2284931.5068492917,4000000.0
2026-02-22,638949671.7732391,188958902.21999985,452054.79,2290410.958904086,4000000.0
2026-02-23,639705988.3117026,189410957.00999984,452054.79,2295890.4109588806,4000000.0
2026-02-24,640462665.0008986,189863011.79999983,452054.79,2301369.863013675,4000000.0
2026-02-25,641219702.0123276,190315066.58999982,452054.79,2306849.3150684694,4000000.0
2026-02-26,641977099.5175714,190767121.37999982,452054.79,2312328.767123264,4000000.0
2026-02-27,642734857.688294,191219176.1699998,452054.79,2317808.219178058,4000000.0
2026-02-28,643492976.6962409,191671230.9599998,452054.79,2323287.6712328526,4000000.0
2026-03-01,644251456.7132391,192123285.7499998,452054.79,2328767.123287647,4000000.0
2026-03-02,645010297.9111978,192575340.53999978,452054.79,2334246.5753424414,4000000.0
2026-03-03,645769500.4621079,193027395.32999977,452054.79,2339726.027397236,4000000.0
2026-03-04,646529064.5380422,193479450.11999977,452054.79,2345205.4794520303,4000000.0
2026-03-05,647288990.3111556,193931504.90999976,452054.79,2350684.9315068247,4000000.0
2026-03-06,648049277.9536847,194383559.69999975,452054.79,2356164.383561619,4000000.0
2026-03-07,648809927.6379484,194835614.48999974,452054.79,2361643.8356164135,4000000.0
2026-03-08,649570939.5363474,195287669.27999973,452054.79,2367123.287671208,4000000.0
2026-03-09,650332313.8213646,195739724.06999972,452054.79,2372602.7397260023,4000000.0
2026-03-10,651094050.6655653,196191778.85999972,452054.79,2378082.1917807967,4000000.0
2026-03-11,651856150.2415965,196643833.6499997,452054.79,2383561.643835591,4000000.0
2026-03-12,652618612.7221876,197095888.4399997,452054.79,2389041.0958903856,4000000.0
2026-03-13,653381438.2801505,197547943.2299997,452054.79,2394520.54794518,4000000.0
2026-03-14,654144627.0883791,197999998.01999968,452054.79,2399999.9999999744,4000000.0
2026-03-15,654908179.3198498,198452052.80999967,452054.79,2405479.452054769,4000000.0
2026-03-16,655672095.1476212,198904107.59999967,452054.79,2410958.904109563,4000000.0
2026-03-17,656436374.7448343,199356162.38999966,452054.79,2416438.3561643576,4000000.0
2026-03-18,657201018.2847128,199808217.17999965,452054.79,2421917.808219152,4000000.0
2026-03-19,657966025.9405626,200260271.96999964,452054.79,2427397.2602739464,4000000.0
2026-03-20,658731397.8857723,200712326.75999963,452054.79,2432876.712328741,4000000.0
2026-03-21,659497134.2938132,201164381.54999962,452054.79,2438356.1643835353,4000000.0
2026-03-22,660263235.3382388,201616436.33999962,452054.79,2443835.6164383297,4000000.0
2026-03-23,661029701.1926856,202068491.1299996,452054.79,2449315.068493124,4000000.0
2026-03-24,661796532.0308726,202520545.9199996,452054.79,2454794.5205479185,4000000.0
2026-03-25,662563728.0266016,202972600.7099996,452054.79,2460273.972602713,4000000.0
2026-03-26,663331289.353757,203424655.49999958,452054.79,2465753.4246575073,4000000.0
2026-03-27,664099216.1863065,203876710.28999957,452054.79,2471232.8767123017,4000000.0
2026-03-28,664867508.6983,204328765.07999957,452054.79,2476712.328767096,4000000.0
2026-03-29,665636167.0638707,204780819.86999956,452054.79,2482191.7808218906,4000000.0
2026-03-30,666405191.4572344,205232874.65999955,452054.79,2487671.232876685,4000000.0
2026-03-31,667174582.0526901,205684929.44999954,452054.79,2493150.6849314794,4000000.0
2026-04-01,667944339.0246199,206136984.23999953,452054.79,2498630.136986274,4000000.0
2026-04-02,668714462.5474888,206589039.02999952,452054.79,2504109.589041068,4000000.0
2026-04-03,669484952.7958448,207041093.81999952,452054.79,2509589.0410958626,4000000.0
2026-04-04,670255809.944319,207493148.6099995,452054.79,2515068.493150657,4000000.0
2026-04-05,671027034.1676258,207945203.3999995,452054.79,2520547.9452054515,4000000.0
2026-04-06,671798625.6405628,208397258.1899995,452054.79,2526027.397260246,4000000.0
2026-04-07,672570584.5380106,208849312.97999948,452054.79,2531506.8493150403,4000000.0
2026-04-08,673342911.0349334,209301367.76999947,452054.79,2536986.3013698347,4000000.0
2026-04-09,674115605.3063786,209753422.55999947,452054.79,2542465.753424629,4000000.0
2026-04-10,674888667.5274769,210205477.34999946,452054.79,2547945.2054794235,4000000.0
2026-04-11,675662097.8734424,210657532.13999945,452054.79,2553424.657534218,4000000.0
2026-04-12,676435896.5195726,211109586.92999944,452054.79,2558904.1095890123,4000000.0
2026-04-13,677210063.6412486,211561641.71999943,452054.79,2564383.5616438068,4000000.0
2026-04-14,677984599.4139348,212013696.50999942,452054.79,2569863.013698601,4000000.0
2026-04-15,678759504.0131795,212465751.29999942,452054.79,2575342.4657533956,4000000.0
2026-04-16,679534777.6146144,212917806.0899994,452054.79,2580821.91780819,4000000.0
2026-04-17,680310420.3939546,213369860.8799994,452054.79,2586301.3698629844,4000000.0
2026-04-18,681086432.5269994,213821915.6699994,452054.79,2591780.821917779,4000000.0
2026-04-19,681862814.1896312,214273970.45999938,452054.79,2597260.273972573,4000000.0
2026-04-20,682639565.5578167,214726025.24999937,452054.79,2602739.7260273676,4000000.0
2026-04-21,683416686.8076062,215178080.03999937,452054.79,2608219.178082162,4000000.0
2026-04-22,684194178.1151336,215630134.82999936,452054.79,2613698.6301369565,4000000.0
2026-04-23,684972039.656617,216082189.61999935,452054.79,2619178.082191751,4000000.0
2026-04-24,685750271.6083583,216534244.40999934,452054.79,2624657.5342465453,4000000.0
2026-04-25,686528874.1467432,216986299.19999933,452054.79,2630136.9863013397,4000000.0
2026-04-26,687307847.4482416,217438353.98999932,452054.79,2635616.438356134,4000000.0
2026-04-27,688087191.6894075,217890408.77999932,452054.79,2641095.8904109285,4000000.0
2026-04-28,688866907.0468786,218342463.5699993,452054.79,2646575.342465723,4000000.0
2026-04-29,689646993.6973771,218794518.3599993,452054.79,2652054.7945205173,4000000.0
2026-04-30,690427451.8177092,219246573.1499993,452054.79,2657534.2465753118,4000000.0
2026-05-01,691208281.5847652,219698627.93999928,452054.79,2663013.698630106,4000000.0
2026-05-02,691989483.1755198,220150682.72999927,452054.79,2668493.1506849006,4000000.0
2026-05-03,692771056.767032,220602737.51999927,452054.79,2673972.602739695,4000000.0
2026-05-04,693553002.5364449,221054792.30999926,452054.79,2679452.0547944894,4000000.0
2026-05-05,694335320.6609861,221506847.09999925,452054.79,2684931.506849284,4000000.0
2026-05-06,695118011.3179675,221958901.88999924,452054.79,2690410.958904078,4000000.0
2026-05-07,695901074.6847856,222410956.67999923,452054.79,2695890.4109588726,4000000.0
2026-05-08,696684510.9389212,222863011.46999922,452054.79,2701369.863013667,4000000.0
2026-05-09,697468320.2579397,223315066.25999922,452054.79,2706849.3150684615,4000000.0
2026-05-10,698252502.819491,223767121.0499992,452054.79,2712328.767123256,4000000.0
2026-05-11,699037058.8013098,224219175.8399992,452054.79,2717808.2191780503,4000000.0
2026-05-12,699821988.3812152,224671230.6299992,452054.79,2723287.6712328447,4000000.0
2026-05-13,700607291.737111,225123285.41999918,452054.79,2728767.123287639,4000000.0
2026-05-14,701392969.0469857,225575340.20999917,452054.79,2734246.5753424335,4000000.0
2026-05-15,702179020.4889128,226027394.99999917,452054.79,2739726.027397228,4000000.0
2026-05-16,702965446.2410504,226479449.78999916,452054.79,2745205.4794520224,4000000.0
2026-05-17,703752246.4816413,226931504.57999915,452054.79,2750684.9315068168,4000000.0
2026-05-18,704539421.3890135,227383559.36999914,452054.79,2756164.383561611,4000000.0
2026-05-19,705326971.1415797,227835614.15999913,452054.79,2761643.8356164056,4000000.0
2026-05-20,706114895.9178376,228287668.94999912,452054.79,2767123.2876712,4000000.0
2026-05-21,706903195.8963699,228739723.73999912,452054.79,2772602.7397259944,4000000.0
2026-05-22,707691871.2558444,229191778.5299991,452054.79,2778082.191780789,4000000.0
2026-05-23,708480922.1750138,229643833.3199991,452054.79,2783561.6438355832,4000000.0
2026-05-24,709270348.8327161,230095888.1099991,452054.79,2789041.0958903776,4000000.0
2026-05-25,710060151.4078746,230547942.89999908,452054.79,2794520.547945172,4000000.0
2026-05-26,710850330.0794973,230999997.68999907,452054.79,2799999.9999999665,4000000.0
2026-05-27,711640885.0266781,231452052.47999907,452054.79,2805479.452054761,4000000.0
2026-05-28,712431816.4285955,231904107.26999906,452054.79,2810958.9041095553,4000000.0
2026-05-29,713223124.4645139,232356162.05999905,452054.79,2816438.3561643497,4000000.0
2026-05-30,714014809.3137827,232808216.84999904,452054.79,2821917.808219144,4000000.0
2026-05-31,714806871.1558368,233260271.63999903,452054.79,2827397.2602739385,4000000.0
2026-06-01,715599310.1701968,233712326.42999902,452054.79,2832876.712328733,4000000.0
2026-06-02,716392126.5364683,234164381.21999902,452054.79,2838356.1643835274,4000000.0
2026-06-03,717185320.4343427,234616436.009999,452054.79,2843835.616438322,4000000.0
2026-06-04,717978892.0435972,235068490.799999,452054.79,2849315.068493116,4000000.0
2026-06-05,718772841.5440942,235520545.589999,452054.79,2854794.5205479106,4000000.0
2026-06-06,719567169.1157819,235972600.37999898,452054.79,2860273.972602705,4000000.0
2026-06-07,720361874.9386941,236424655.16999897,452054.79,2865753.4246574994,4000000.0
2026-06-08,721156959.1929506,236876709.95999897,452054.79,2871232.876712294,4000000.0
2026-06-09,721952422.0587567,237328764.74999896,452054.79,2876712.3287670882,4000000.0
2026-06-10,722748263.7164037,237780819.53999895,452054.79,2882191.7808218827,4000000.0
2026-06-11,723544484.3462687,238232874.32999894,452054.79,2887671.232876677,4000000.0
2026-06-12,724341084.1288145,238684929.11999893,452054.79,2893150.6849314715,4000000.0
2026-06-13,725138063.24459,239136983.90999892,452054.79,2898630.136986266,4000000.0
2026-06-14,725935421.8742303,239589038.69999892,452054.79,2904109.5890410603,4000000.0
2026-06-15,726733160.198456,240041093.4899989,452054.79,2909589.0410958547,4000000.0
2026-06-16,727531278.3980744,240493148.2799989,452054.79,2915068.493150649,4000000.0
2026-06-17,728329776.6539782,240945203.0699989,452054.79,2920547.9452054435,4000000.0
2026-06-18,729128655.1471468,241397257.85999888,452054.79,2926027.397260238,4000000.0
2026-06-19,729927914.0586455,241849312.64999887,452054.79,2931506.8493150324,4000000.0
2026-06-20,730727553.5696257,242301367.43999887,452054.79,2936986.301369827,4000000.0
2026-06-21,731527573.8613255,242753422.22999886,452054.79,2942465.753424621,4000000.0
2026-06-22,732327975.115069,243205477.01999885,452054.79,2947945.2054794156,4000000.0
2026-06-23,733128757.5122666,243657531.80999884,452054.79,2953424.65753421,4000000.0
2026-06-24,733929921.2344153,244109586.59999883,452054.79,2958904.1095890044,4000000.0
2026-06-25,734731466.4630983,244561641.38999882,452054.79,2964383.561643799,4000000.0
2026-06-26,735533393.3799855,245013696.17999882,452054.79,2969863.0136985932,4000000.0
2026-06-27,736335702.166833,245465750.9699988,452054.79,2975342.4657533877,4000000.0
2026-06-28,737138393.0054839,245917805.7599988,452054.79,2980821.917808182,4000000.0
2026-06-29,737941466.0778674,246369860.5499988,452054.79,2986301.3698629765,4000000.0
2026-06-30,738744921.5659997,246821915.33999878,452054.79,2991780.821917771,4000000.0
2026-07-01,739548759.6519835,247273970.12999877,452054.79,2997260.2739725653,4000000.0
2026-07-02,740352980.5180082,247726024.91999876,452054.79,3002739.7260273597,4000000.0
2026-07-03,741157584.3463502,248178079.70999876,452054.79,3008219.178082154,4000000.0
2026-07-04,741962571.3193723,248630134.49999875,452054.79,3013698.6301369485,4000000.0
2026-07-05,742767941.6195244,249082189.28999874,452054.79,3019178.082191743,4000000.0
2026-07-06,743573695.4293432,249534244.07999873,452054.79,3024657.5342465374,4000000.0
2026-07-07,744379832.9314524,249986298.86999872,452054.79,3030136.986301332,4000000.0
2026-07-08,745186354.3085626,250438353.65999871,452054.79,3035616.438356126,4000000.0
2026-07-09,745993259.7434715,250890408.4499987,452054.79,3041095.8904109206,4000000.0
2026-07-10,746800549.4190636,251342463.2399987,452054.79,3046575.342465715,4000000.0
2026-07-11,747608223.5183108,251794518.0299987,452054.79,3052054.7945205094,4000000.0
2026-07-12,748416282.2242719,252246572.81999868,452054.79,3057534.246575304,4000000.0
2026-07-13,749224725.720093,252698627.60999867,452054.79,3063013.6986300983,4000000.0
2026-07-14,750033554.1890073,253150682.39999866,452054.79,3068493.1506848927,4000000.0
2026-07-15,750842767.8143353,253602737.18999866,452054.79,3073972.602739687,4000000.0
2026-07-16,751652366.779485,254054791.97999865,452054.79,3079452.0547944815,4000000.0
2026-07-17,752462351.2679514,254506846.76999864,452054.79,3084931.506849276,4000000.0
2026-07-18,753272721.463317,254958901.55999863,452054.79,3090410.9589040703,4000000.0
2026-07-19,754083477.5492519,255410956.34999862,452054.79,3095890.4109588647,4000000.0
2026-07-20,754894619.7095134,255863011.1399986,452054.79,3101369.863013659,4000000.0
2026-07-21,755706148.1279465,256315065.9299986,452054.79,3106849.3150684536,4000000.0
2026-07-22,756518062.9884835,256767120.7199986,452054.79,3112328.767123248,4000000.0
2026-07-23,757330364.4751447,257219175.5099986,452054.79,3117808.2191780424,4000000.0
2026-07-24,758143052.7720376,257671230.29999858,452054.79,3123287.671232837,4000000.0
2026-07-25,758956128.0633576,258123285.08999857,452054.79,3128767.123287631,4000000.0
2026-07-26,759769590.5333878,258575339.87999856,452054.79,3134246.5753424256,4000000.0
2026-07-27,760583440.366499,259027394.66999856,452054.79,3139726.02739722,4000000.0
2026-07-28,761397677.7471497,259479449.45999855,452054.79,3145205.4794520144,4000000.0
2026-07-29,762212302.8598864,259931504.24999854,452054.79,3150684.931506809,4000000.0
2026-07-30,763027315.8893435,260383559.03999853,452054.79,3156164.3835616033,4000000.0
2026-07-31,763842717.0202432,260835613.82999852,452054.79,3161643.8356163977,4000000.0
2026-08-01,764658506.4373957,261287668.6199985,452054.79,3167123.287671192,4000000.0
2026-08-02,765474684.3256992,261739723.4099985,452054.79,3172602.7397259865,4000000.0
2026-08-03,766291250.87014,262191778.1999985,452054.79,3178082.191780781,4000000.0
2026-08-04,767108206.2557924,262643832.9899985,452054.79,3183561.6438355753,4000000.0
2026-08-05,767925550.6678189,263095887.77999848,452054.79,3189041.0958903697,4000000.0
2026-08-06,768743284.2914703,263547942.56999847,452054.79,3194520.547945164,4000000.0
2026-08-07,769561407.3120853,263999997.35999846,452054.79,3199999.9999999586,4000000.0
2026-08-08,770379919.915091,264452052.14999846,452054.79,3205479.452054753,4000000.0
2026-08-09,771198822.286003,264904106.93999845,452054.79,3210958.9041095474,4000000.0
2026-08-10,772018114.6104249,265356161.72999844,452054.79,3216438.356164342,4000000.0
2026-08-11,772837797.0740489,265808216.51999843,452054.79,3221917.808219136,4000000.0
2026-08-12,773657869.8626555,266260271.30999842,452054.79,3227397.2602739306,4000000.0
2026-08-13,774478333.1621139,266712326.0999984,452054.79,3232876.712328725,4000000.0
2026-08-14,775299187.1583816,267164380.8899984,452054.79,3238356.1643835194,4000000.0
2026-08-15,776120432.0375047,267616435.6799984,452054.79,3243835.616438314,4000000.0
2026-08-16,776942067.9856178,268068490.4699984,452054.79,3249315.0684931083,4000000.0
2026-08-17,777764095.1889442,268520545.2599984,452054.79,3254794.5205479027,4000000.0
2026-08-18,778586513.8337961,268972600.0499984,452054.79,3260273.972602697,4000000.0
2026-08-19,779409324.1065742,269424654.8399984,452054.79,3265753.4246574915,4000000.0
2026-08-20,780232526.1937678,269876709.62999845,452054.79,3271232.876712286,4000000.0
2026-08-21,781056120.2819552,270328764.41999847,452054.79,3276712.3287670803,4000000.0
2026-08-22,781880106.5578038,270780819.2099985,452054.79,3282191.7808218747,4000000.0
2026-08-23,782704485.2080693,271232873.9999985,452054.79,3287671.232876669,4000000.0
2026-08-24,783529256.419597,271684928.78999853,452054.79,3293150.6849314636,4000000.0
2026-08-25,784354420.3793206,272136983.57999855,452054.79,3298630.136986258,4000000.0
2026-08-26,785179977.2742631,272589038.3699986,452054.79,3304109.5890410524,4000000.0
2026-08-27,786005927.2915366,273041093.1599986,452054.79,3309589.041095847,4000000.0
2026-08-28,786832270.618342,273493147.9499986,452054.79,3315068.493150641,4000000.0
2026-08-29,787659007.4419699,273945202.73999864,452054.79,3320547.9452054356,4000000.0
2026-08-30,788486137.9497994,274397257.52999866,452054.79,3326027.39726023,4000000.0
2026-08-31,789313662.3292993,274849312.3199987,452054.79,3331506.8493150244,4000000.0
2026-09-01,790141580.7680275,275301367.1099987,452054.79,3336986.301369819,4000000.0
2026-09-02,790969893.4536314,275753421.8999987,452054.79,3342465.7534246133,4000000.0
2026-09-03,791798600.5738474,276205476.68999875,452054.79,3347945.2054794077,4000000.0
2026-09-04,792627702.3165016,276657531.47999877,452054.79,3353424.657534202,4000000.0
2026-09-05,793457198.8695095,277109586.2699988,452054.79,3358904.1095889965,4000000.0
2026-09-06,794287090.4208759,277561641.0599988,452054.79,3364383.561643791,4000000.0
2026-09-07,795117377.1586953,278013695.84999883,452054.79,3369863.0136985853,4000000.0
2026-09-08,795948059.2711519,278465750.63999885,452054.79,3375342.4657533797,4000000.0
2026-09-09,796779136.9465191,278917805.4299989,452054.79,3380821.917808174,4000000.0
2026-09-10,797610610.3731604,279369860.2199989,452054.79,3386301.3698629686,4000000.0
2026-09-11,798442479.7395285,279821915.0099989,452054.79,3391780.821917763,4000000.0
2026-09-12,799274745.2341664,280273969.79999894,452054.79,3397260.2739725574,4000000.0
2026-09-13,800107407.0457065,280726024.58999896,452054.79,3402739.726027352,4000000.0
2026-09-14,800940465.3628712,281178079.379999,452054.79,3408219.178082146,4000000.0
2026-09-15,801773920.3744725,281630134.169999,452054.79,3413698.6301369406,4000000.0
2026-09-16,802607772.2694128,282082188.959999,452054.79,3419178.082191735,4000000.0
2026-09-17,803442021.2366838,282534243.74999905,452054.79,3424657.5342465295,4000000.0
2026-09-18,804276667.465368,282986298.53999907,452054.79,3430136.986301324,4000000.0
2026-09-19,805111711.1446372,283438353.3299991,452054.79,3435616.4383561183,4000000.0
2026-09-20,805947152.4637537,283890408.1199991,452054.79,3441095.8904109127,4000000.0
2026-09-21,806782991.6120697,284342462.90999913,452054.79,3446575.342465707,4000000.0
2026-09-22,807619228.7790278,284794517.69999915,452054.79,3452054.7945205015,4000000.0
2026-09-23,808455864.1541607,285246572.4899992,452054.79,3457534.246575296,4000000.0
2026-09-24,809292897.9270912,285698627.2799992,452054.79,3463013.6986300903,4000000.0
2026-09-25,810130330.2875327,286150682.0699992,452054.79,3468493.1506848847,4000000.0
2026-09-26,810968161.4252887,286602736.85999924,452054.79,3473972.602739679,4000000.0
2026-09-27,811806391.530253,287054791.64999926,452054.79,3479452.0547944736,4000000.0
2026-09-28,812645020.7924103,287506846.4399993,452054.79,3484931.506849268,4000000.0
2026-09-29,813484049.4018352,287958901.2299993,452054.79,3490410.9589040624,4000000.0
2026-09-30,814323477.5486932,288410956.0199993,452054.79,3495890.410958857,4000000.0
2026-10-01,815163305.4232402,288863010.80999935,452054.79,3501369.863013651,4000000.0
2026-10-02,816003533.2158227,289315065.59999937,452054.79,3506849.3150684456,4000000.0
2026-10-03,816844161.1168778,289767120.3899994,452054.79,3512328.76712324,4000000.0
2026-10-04,817685189.3169334,290219175.1799994,452054.79,3517808.2191780345,4000000.0
2026-10-05,818526618.0066081,290671229.96999943,452054.79,3523287.671232829,4000000.0
2026-10-06,819368447.3766112,291123284.75999945,452054.79,3528767.1232876233,4000000.0
2026-10-07,820210677.6177429,291575339.5499995,452054.79,3534246.5753424177,4000000.0
2026-10-08,821053308.9208941,292027394.3399995,452054.79,3539726.027397212,4000000.0
2026-10-09,821896341.477047,292479449.1299995,452054.79,3545205.4794520065,4000000.0
2026-10-10,822739775.4772742,292931503.91999954,452054.79,3550684.931506801,4000000.0
2026-10-11,823583611.1127396,293383558.70999956,452054.79,3556164.3835615953,4000000.0
2026-10-12,824427848.574698,293835613.4999996,452054.79,3561643.8356163898,4000000.0
2026-10-13,825272488.0544955,294287668.2899996,452054.79,3567123.287671184,4000000.0
2026-10-14,826117529.743569,294739723.0799996,452054.79,3572602.7397259786,4000000.0
2026-10-15,826962973.8334469,295191777.86999965,452054.79,3578082.191780773,4000000.0
2026-10-16,827808820.5157485,295643832.65999967,452054.79,3583561.6438355674,4000000.0
2026-10-17,828655069.9821845,296095887.4499997,452054.79,3589041.095890362,4000000.0
2026-10-18,829501722.424557,296547942.2399997,452054.79,3594520.547945156,4000000.0
2026-10-19,830348778.0347592,296999997.02999973,452054.79,3599999.9999999506,4000000.0
2026-10-20,831196237.0047758,297452051.81999975,452054.79,3605479.452054745,4000000.0
2026-10-21,832044099.5266829,297904106.6099998,452054.79,3610958.9041095395,4000000.0
2026-10-22,832892365.792648,298356161.3999998,452054.79,3616438.356164334,4000000.0
2026-10-23,833741035.9949301,298808216.1899998,452054.79,3621917.8082191283,4000000.0
2026-10-24,834590110.3258802,299260270.97999984,452054.79,3627397.2602739227,4000000.0
2026-10-25,835439588.9779401,299712325.76999986,452054.79,3632876.712328717,4000000.0
2026-10-26,836289472.1436439,300164380.5599999,452054.79,3638356.1643835115,4000000.0
2026-10-27,837139760.015617,300616435.3499999,452054.79,3643835.616438306,4000000.0
2026-10-28,837990452.7865769,301068490.1399999,452054.79,3649315.0684931003,4000000.0
2026-10-29,838841550.6493324,301520544.92999995,452054.79,3654794.5205478948,4000000.0
2026-10-30,839693053.7967845,301972599.71999997,452054.79,3660273.972602689,4000000.0
2026-10-31,840544962.4219259,302424654.51,452054.79,3665753.4246574836,4000000.0
2026-11-01,841397276.7178411,302876709.3,452054.79,3671232.876712278,4000000.0
2026-11-02,842249996.8777068,303328764.09000003,452054.79,3676712.3287670724,4000000.0
2026-11-03,843103123.0947914,303780818.88000005,452054.79,3682191.780821867,4000000.0
2026-11-04,843956655.5624557,304232873.6700001,452054.79,3687671.2328766612,4000000.0
2026-11-05,844810594.4741521,304684928.4600001,452054.79,3693150.6849314556,4000000.0
2026-11-06,845664940.0234255,305136983.2500001,452054.79,3698630.13698625,4000000.0
2026-11-07,846519692.4039128,305589038.04000014,452054.79,3704109.5890410445,4000000.0
2026-11-08,847374851.8093432,306041092.83000016,452054.79,3709589.041095839,4000000.0
2026-11-09,848230418.4335382,306493147.6200002,452054.79,3715068.4931506333,4000000.0
2026-11-10,849086392.4704113,306945202.4100002,452054.79,3720547.9452054277,4000000.0
2026-11-11,849942774.1139686,307397257.2000002,452054.79,3726027.397260222,4000000.0
2026-11-12,850799563.5583086,307849311.99000025,452054.79,3731506.8493150165,4000000.0
2026-11-13,851656760.9976221,308301366.78000027,452054.79,3736986.301369811,4000000.0
2026-11-14,852514366.6261925,308753421.5700003,452054.79,3742465.7534246054,4000000.0
2026-11-15,853372380.6383954,309205476.3600003,452054.79,3747945.2054793998,4000000.0
2026-11-16,854230803.2286994,309657531.15000033,452054.79,3753424.657534194,4000000.0
2026-11-17,855089634.5916655,310109585.94000036,452054.79,3758904.1095889886,4000000.0
2026-11-18,855948874.9219472,310561640.7300004,452054.79,3764383.561643783,4000000.0
2026-11-19,856808524.414291,311013695.5200004,452054.79,3769863.0136985774,4000000.0
2026-11-20,857668583.263536,311465750.3100004,452054.79,3775342.465753372,4000000.0
2026-11-21,858529051.6646138,311917805.10000044,452054.79,3780821.9178081662,4000000.0
2026-11-22,859389929.8125494,312369859.89000046,452054.79,3786301.3698629607,4000000.0
2026-11-23,860251217.9024601,312821914.6800005,452054.79,3791780.821917755,4000000.0
2026-11-24,861112916.1295565,313273969.4700005,452054.79,3797260.2739725495,4000000.0
2026-11-25,861975024.689142,313726024.2600005,452054.79,3802739.726027344,4000000.0
2026-11-26,862837543.776613,314178079.05000055,452054.79,3808219.1780821383,4000000.0
2026-11-27,863700473.587459,314630133.84000057,452054.79,3813698.6301369327,4000000.0
2026-11-28,864563814.3172625,315082188.6300006,452054.79,3819178.082191727,4000000.0
2026-11-29,865427566.1616993,315534243.4200006,452054.79,3824657.5342465215,4000000.0
2026-11-30,866291729.3165382,315986298.21000063,452054.79,3830136.986301316,4000000.0
2026-12-01,867156303.9776413,316438353.00000066,452054.79,3835616.4383561104,4000000.0
2026-12-02,868021290.3409641,316890407.7900007,452054.79,3841095.890410905,4000000.0
2026-12-03,868886688.602555,317342462.5800007,452054.79,3846575.342465699,4000000.0
2026-12-04,869752498.9585563,317794517.3700007,452054.79,3852054.7945204936,4000000.0
2026-12-05,870618721.6052033,318246572.16000074,452054.79,3857534.246575288,4000000.0
2026-12-06,871485356.7388248,318698626.95000076,452054.79,3863013.6986300824,4000000.0
2026-12-07,872352404.5558434,319150681.7400008,452054.79,3868493.150684877,4000000.0
2026-12-08,873219865.2527747,319602736.5300008,452054.79,3873972.6027396712,4000000.0
2026-12-09,874087739.0262284,320054791.3200008,452054.79,3879452.0547944657,4000000.0
2026-12-10,874956026.0729076,320506846.11000085,452054.79,3884931.50684926,4000000.0
2026-12-11,875824726.5896089,320958900.9000009,452054.79,3890410.9589040545,4000000.0
2026-12-12,876693840.773223,321410955.6900009,452054.79,3895890.410958849,4000000.0
2026-12-13,877563368.8207341,321863010.4800009,452054.79,3901369.8630136433,4000000.0
2026-12-14,878433310.9292202,322315065.27000093,452054.79,3906849.3150684377,4000000.0
2026-12-15,879303667.2958531,322767120.06000096,452054.79,3912328.767123232,4000000.0
2026-12-16,880174438.1178988,323219174.850001,452054.79,3917808.2191780265,4000000.0
2026-12-17,881045623.5927168,323671229.640001,452054.79,3923287.671232821,4000000.0
2026-12-18,881917223.917761,324123284.430001,452054.79,3928767.1232876154,4000000.0
2026-12-19,882789239.290579,324575339.22000104,452054.79,3934246.57534241,4000000.0
2026-12-20,883661669.9088125,325027394.01000106,452054.79,3939726.027397204,4000000.0
2026-12-21,884534515.9701977,325479448.8000011,452054.79,3945205.4794519986,4000000.0
2026-12-22,885407777.6725644,325931503.5900011,452054.79,3950684.931506793,4000000.0
2026-12-23,886281455.213837,326383558.3800011,452054.79,3956164.3835615874,4000000.0
2026-12-24,887155548.7920341,326835613.17000115,452054.79,3961643.835616382,4000000.0
2026-12-25,888030058.6052685,327287667.9600012,452054.79,3967123.2876711763,4000000.0
2026-12-26,888904984.8517472,327739722.7500012,452054.79,3972602.7397259707,4000000.0
2026-12-27,889780327.7297719,328191777.5400012,452054.79,3978082.191780765,4000000.0
2026-12-28,890656087.4377384,328643832.33000124,452054.79,3983561.6438355595,4000000.0
2026-12-29,891532264.1741374,329095887.12000126,452054.79,3989041.095890354,4000000.0
2026-12-30,892408858.1375536,329547941.9100013,452054.79,3994520.5479451483,4000000.0
2026-12-31,893285869.5266666,329999996.7000013,452054.79,3999999.9999999427,4000000.0
